accountS,symbol,security_type,order_type,strategy_alias,note
-1,-1,-1,-1,103,Defult
-1,003000.SZ,-1,101|102,104,
-1,300103.SZ,-1,101|102,104,
-1,300573.SZ,-1,101|102,104,
-1,300517.SZ,-1,101|102,104,
-1,301026.SZ,-1,101|102,104,
-1,002294.SZ,-1,101|102,104,
-1,003018.SZ,-1,101|102,104,
-1,300416.SZ,-1,101|102,104,
-1,300908.SZ,-1,101|102,104,
-1,301086.SZ,-1,101|102,104,
-1,300092.SZ,-1,101|102,104,
-1,301031.SZ,-1,101|102,104,
-1,000789.SZ,-1,101|102,104,
-1,002595.SZ,-1,101|102,104,
-1,002715.SZ,-1,101|102,104,
-1,300012.SZ,-1,101|102,104,
-1,300596.SZ,-1,101|102,104,
-1,300953.SZ,-1,101|102,104,
-1,000596.SZ,-1,101|102,104,
-1,002811.SZ,-1,101|102,104,
-1,002930.SZ,-1,101|102,104,
-1,002203.SZ,-1,101|102,104,
-1,002959.SZ,-1,101|102,104,
-1,300761.SZ,-1,101|102,104,
-1,300855.SZ,-1,101|102,104,
-1,300973.SZ,-1,101|102,104,
-1,300599.SZ,-1,101|102,104,
-1,300938.SZ,-1,101|102,104,
-1,000695.SZ,-1,101|102,104,
-1,002465.SZ,-1,101|102,104,
-1,300294.SZ,-1,101|102,104,
-1,301333.SZ,-1,101|102,104,
-1,002299.SZ,-1,101|102,104,
-1,002381.SZ,-1,101|102,104,
-1,003025.SZ,-1,101|102,104,
-1,300622.SZ,-1,101|102,104,
-1,000028.SZ,-1,101|102,104,
-1,002318.SZ,-1,101|102,104,
-1,002830.SZ,-1,101|102,104,
-1,002942.SZ,-1,101|102,104,
-1,003033.SZ,-1,101|102,104,
-1,300454.SZ,-1,101|102,104,
-1,301113.SZ,-1,101|102,104,
-1,000690.SZ,-1,101|102,104,
-1,300470.SZ,-1,101|102,104,
-1,301035.SZ,-1,101|102,104,
-1,000020.SZ,-1,101|102,104,
-1,002637.SZ,-1,101|102,104,
-1,002841.SZ,-1,101|102,104,
-1,002832.SZ,-1,101|102,104,
-1,300314.SZ,-1,101|102,104,
-1,301188.SZ,-1,101|102,104,
-1,301068.SZ,-1,101|102,104,
-1,301239.SZ,-1,101|102,104,
-1,002981.SZ,-1,101|102,104,
-1,301070.SZ,-1,101|102,104,
-1,301080.SZ,-1,101|102,104,
-1,301193.SZ,-1,101|102,104,
-1,000869.SZ,-1,101|102,104,
-1,002058.SZ,-1,101|102,104,
-1,300417.SZ,-1,101|102,104,
-1,300487.SZ,-1,101|102,104,
-1,002985.SZ,-1,101|102,104,
-1,300395.SZ,-1,101|102,104,
-1,300218.SZ,-1,101|102,104,
-1,300641.SZ,-1,101|102,104,
-1,300795.SZ,-1,101|102,104,
-1,300806.SZ,-1,101|102,104,
-1,301047.SZ,-1,101|102,104,
-1,001965.SZ,-1,101|102,104,
-1,002778.SZ,-1,101|102,104,
-1,002988.SZ,-1,101|102,104,
-1,300176.SZ,-1,101|102,104,
-1,300955.SZ,-1,101|102,104,
-1,301042.SZ,-1,101|102,104,
-1,301129.SZ,-1,101|102,104,
-1,301051.SZ,-1,101|102,104,
-1,001215.SZ,-1,101|102,104,
-1,002319.SZ,-1,101|102,104,
-1,300832.SZ,-1,101|102,104,
-1,300396.SZ,-1,101|102,104,
-1,002850.SZ,-1,101|102,104,
-1,002991.SZ,-1,101|102,104,
-1,300833.SZ,-1,101|102,104,
-1,301008.SZ,-1,101|102,104,
-1,301015.SZ,-1,101|102,104,
-1,301148.SZ,-1,101|102,104,
-1,300695.SZ,-1,101|102,104,
-1,301019.SZ,-1,101|102,104,
-1,002262.SZ,-1,101|102,104,
-1,002541.SZ,-1,101|102,104,
-1,301367.SZ,-1,101|102,104,
-1,002003.SZ,-1,101|102,104,
-1,002088.SZ,-1,101|102,104,
-1,002698.SZ,-1,101|102,104,
-1,002899.SZ,-1,101|102,104,
-1,002928.SZ,-1,101|102,104,
-1,300406.SZ,-1,101|102,104,
-1,301020.SZ,-1,101|102,104,
-1,688199.SH,-1,101|102,104,
-1,603655.SH,-1,101|102,104,
-1,688190.SH,-1,101|102,104,
-1,688372.SH,-1,101|102,104,
-1,603899.SH,-1,101|102,104,
-1,688793.SH,-1,101|102,104,
-1,603033.SH,-1,101|102,104,
-1,688351.SH,-1,101|102,104,
-1,688611.SH,-1,101|102,104,
-1,688521.SH,-1,101|102,104,
-1,688156.SH,-1,101|102,104,
-1,688466.SH,-1,101|102,104,
-1,688819.SH,-1,101|102,104,
-1,600426.SH,-1,101|102,104,
-1,600612.SH,-1,101|102,104,
-1,688066.SH,-1,101|102,104,
-1,688268.SH,-1,101|102,104,
-1,605003.SH,-1,101|102,104,
-1,688161.SH,-1,101|102,104,
-1,600620.SH,-1,101|102,104,
-1,605056.SH,-1,101|102,104,
-1,603786.SH,-1,101|102,104,
-1,688136.SH,-1,101|102,104,
-1,688776.SH,-1,101|102,104,
-1,688486.SH,-1,101|102,104,
-1,600461.SH,-1,101|102,104,
-1,603351.SH,-1,101|102,104,
-1,688022.SH,-1,101|102,104,
-1,603976.SH,-1,101|102,104,
-1,603225.SH,-1,101|102,104,
-1,603866.SH,-1,101|102,104,
-1,688383.SH,-1,101|102,104,
-1,688786.SH,-1,101|102,104,
-1,688502.SH,-1,101|102,104,
-1,688332.SH,-1,101|102,104,
-1,688378.SH,-1,101|102,104,
-1,688113.SH,-1,101|102,104,
-1,688377.SH,-1,101|102,104,
-1,688315.SH,-1,101|102,104,
-1,603301.SH,-1,101|102,104,
-1,688097.SH,-1,101|102,104,
-1,688122.SH,-1,101|102,104,
-1,688171.SH,-1,101|102,104,
-1,688143.SH,-1,101|102,104,
-1,605055.SH,-1,101|102,104,
-1,688428.SH,-1,101|102,104,
-1,688133.SH,-1,101|102,104,
-1,605303.SH,-1,101|102,104,
-1,603031.SH,-1,101|102,104,
-1,688302.SH,-1,101|102,104,
-1,688617.SH,-1,101|102,104,
-1,688187.SH,-1,101|102,104,
-1,688606.SH,-1,101|102,104,
-1,688533.SH,-1,101|102,104,
-1,688036.SH,-1,101|102,104,
-1,688711.SH,-1,101|102,104,
-1,603712.SH,-1,101|102,104,
-1,688073.SH,-1,101|102,104,
-1,603596.SH,-1,101|102,104,
-1,688319.SH,-1,101|102,104,
-1,688235.SH,-1,101|102,104,
-1,600233.SH,-1,101|102,104,
-1,688011.SH,-1,101|102,104,
-1,600778.SH,-1,101|102,104,
-1,603816.SH,-1,101|102,104,
-1,603279.SH,-1,101|102,104,
-1,688475.SH,-1,101|102,104,
-1,603566.SH,-1,101|102,104,
-1,688789.SH,-1,101|102,104,
-1,601158.SH,-1,101|102,104,
-1,603039.SH,-1,101|102,104,
-1,688409.SH,-1,101|102,104,
-1,603725.SH,-1,101|102,104,
-1,688305.SH,-1,101|102,104,
-1,688628.SH,-1,101|102,104,
-1,688016.SH,-1,101|102,104,
-1,688246.SH,-1,101|102,104,
-1,688288.SH,-1,101|102,104,
-1,605122.SH,-1,101|102,104,
-1,603983.SH,-1,101|102,104,
-1,688103.SH,-1,101|102,104,
-1,600845.SH,-1,101|102,104,
-1,688031.SH,-1,101|102,104,
-1,688577.SH,-1,101|102,104,
-1,688166.SH,-1,101|102,104,
-1,688131.SH,-1,101|102,104,
-1,688363.SH,-1,101|102,104,
-1,688070.SH,-1,101|102,104,
-1,688020.SH,-1,101|102,104,
-1,603179.SH,-1,101|102,104,
-1,688677.SH,-1,101|102,104,
-1,688075.SH,-1,101|102,104,
-1,603997.SH,-1,101|102,104,
-1,603129.SH,-1,101|102,104,
-1,688051.SH,-1,101|102,104,
-1,688267.SH,-1,101|102,104,
-1,603326.SH,-1,101|102,104,
-1,688225.SH,-1,101|102,104,
-1,688210.SH,-1,101|102,104,
-1,688456.SH,-1,101|102,104,
-1,688350.SH,-1,101|102,104,
-1,688217.SH,-1,101|102,104,
-1,603737.SH,-1,101|102,104,
-1,688281.SH,-1,101|102,104,
-1,688680.SH,-1,101|102,104,
-1,603195.SH,-1,101|102,104,
-1,688667.SH,-1,101|102,104,
-1,688125.SH,-1,101|102,104,
-1,688398.SH,-1,101|102,104,
-1,688326.SH,-1,101|102,104,
-1,688489.SH,-1,101|102,104,
-1,603833.SH,-1,101|102,104,
-1,688270.SH,-1,101|102,104,
-1,603489.SH,-1,101|102,104,
-1,600563.SH,-1,101|102,104,
-1,688278.SH,-1,101|102,104,
-1,688169.SH,-1,101|102,104,
-1,688772.SH,-1,101|102,104,
-1,688331.SH,-1,101|102,104,
-1,688300.SH,-1,101|102,104,
-1,688023.SH,-1,101|102,104,
-1,688244.SH,-1,101|102,104,
-1,603989.SH,-1,101|102,104,
-1,603208.SH,-1,101|102,104,
-1,603979.SH,-1,101|102,104,
-1,603868.SH,-1,101|102,104,
-1,688019.SH,-1,101|102,104,
-1,688311.SH,-1,101|102,104,
-1,688120.SH,-1,101|102,104,
-1,603811.SH,-1,101|102,104,
-1,603098.SH,-1,101|102,104,
-1,688357.SH,-1,101|102,104,
-1,688639.SH,-1,101|102,104,
-1,688099.SH,-1,101|102,104,
-1,688279.SH,-1,101|102,104,
-1,688080.SH,-1,101|102,104,
-1,603272.SH,-1,101|102,104,
-1,688309.SH,-1,101|102,104,
-1,688018.SH,-1,101|102,104,
-1,688290.SH,-1,101|102,104,
-1,688283.SH,-1,101|102,104,
-1,688503.SH,-1,101|102,104,
-1,688567.SH,-1,101|102,104,
-1,688768.SH,-1,101|102,104,
-1,688435.SH,-1,101|102,104,
-1,688621.SH,-1,101|102,104,
-1,603826.SH,-1,101|102,104,
-1,688520.SH,-1,101|102,104,
-1,605566.SH,-1,101|102,104,
-1,688231.SH,-1,101|102,104,
-1,688083.SH,-1,101|102,104,
-1,688152.SH,-1,101|102,104,
-1,688269.SH,-1,101|102,104,
-1,600886.SH,-1,101|102,104,
-1,688072.SH,-1,101|102,104,
-1,688506.SH,-1,101|102,104,
-1,688017.SH,-1,101|102,104,
-1,688690.SH,-1,101|102,104,
-1,601100.SH,-1,101|102,104,
-1,688339.SH,-1,101|102,104,
-1,688265.SH,-1,101|102,104,
-1,688301.SH,-1,101|102,104,
-1,688261.SH,-1,101|102,104,
-1,603444.SH,-1,101|102,104,
-1,603298.SH,-1,101|102,104,
-1,688032.SH,-1,101|102,104,
-1,688788.SH,-1,101|102,104,
-1,600099.SH,-1,101|102,104,
-1,688596.SH,-1,101|102,104,
-1,688329.SH,-1,101|102,104,
-1,688082.SH,-1,101|102,104,
-1,688337.SH,-1,101|102,104,
-1,688234.SH,-1,101|102,104,
-1,601898.SH,-1,101|102,104,
-1,688258.SH,-1,101|102,104,
-1,603155.SH,-1,101|102,104,
-1,688177.SH,-1,101|102,104,
-1,688516.SH,-1,101|102,104,
-1,688633.SH,-1,101|102,104,
-1,688153.SH,-1,101|102,104,
-1,688062.SH,-1,101|102,104,
-1,688118.SH,-1,101|102,104,
-1,605259.SH,-1,101|102,104,
-1,688389.SH,-1,101|102,104,
-1,605016.SH,-1,101|102,104,
-1,603297.SH,-1,101|102,104,
-1,688035.SH,-1,101|102,104,
-1,688656.SH,-1,101|102,104,
-1,688392.SH,-1,101|102,104,
-1,601799.SH,-1,101|102,104,
-1,688696.SH,-1,101|102,104,
-1,603928.SH,-1,101|102,104,
-1,603855.SH,-1,101|102,104,
-1,688114.SH,-1,101|102,104,
-1,603060.SH,-1,101|102,104,
-1,603739.SH,-1,101|102,104,
-1,603535.SH,-1,101|102,104,
-1,688112.SH,-1,101|102,104,
-1,688193.SH,-1,101|102,104,
-1,688212.SH,-1,101|102,104,
-1,688100.SH,-1,101|102,104,
-1,688390.SH,-1,101|102,104,
-1,688618.SH,-1,101|102,104,
-1,688626.SH,-1,101|102,104,
-1,600436.SH,-1,101|102,104,
-1,688798.SH,-1,101|102,104,
-1,688176.SH,-1,101|102,104,
-1,688607.SH,-1,101|102,104,
-1,688399.SH,-1,101|102,104,
-1,600582.SH,-1,101|102,104,
-1,688059.SH,-1,101|102,104,
-1,603209.SH,-1,101|102,104,
-1,600883.SH,-1,101|102,104,
-1,688519.SH,-1,101|102,104,
-1,603309.SH,-1,101|102,104,
-1,688029.SH,-1,101|102,104,
-1,688188.SH,-1,101|102,104,
-1,688766.SH,-1,101|102,104,
-1,600729.SH,-1,101|102,104,
-1,688369.SH,-1,101|102,104,
-1,688085.SH,-1,101|102,104,
-1,688410.SH,-1,101|102,104,
-1,605060.SH,-1,101|102,104,
-1,688155.SH,-1,101|102,104,
-1,688349.SH,-1,101|102,104,
-1,688200.SH,-1,101|102,104,
-1,688508.SH,-1,101|102,104,
-1,688686.SH,-1,101|102,104,
-1,605069.SH,-1,101|102,104,
-1,688396.SH,-1,101|102,104,
-1,603329.SH,-1,101|102,104,
-1,601006.SH,-1,101|102,104,
-1,603801.SH,-1,101|102,104,
-1,603368.SH,-1,101|102,104,
-1,688498.SH,-1,101|102,104,
-1,688679.SH,-1,101|102,104,
-1,603337.SH,-1,101|102,104,
-1,605377.SH,-1,101|102,104,
-1,688198.SH,-1,101|102,104,
-1,603203.SH,-1,101|102,104,
-1,688600.SH,-1,101|102,104,
-1,688091.SH,-1,101|102,104,
-1,603658.SH,-1,101|102,104,
-1,603499.SH,-1,101|102,104,
-1,605189.SH,-1,101|102,104,
-1,600350.SH,-1,101|102,104,
-1,605266.SH,-1,101|102,104,
-1,688065.SH,-1,101|102,104,
-1,688192.SH,-1,101|102,104,
-1,688213.SH,-1,101|102,104,
-1,688333.SH,-1,101|102,104,
-1,603156.SH,-1,101|102,104,
-1,688030.SH,-1,101|102,104,
-1,688060.SH,-1,101|102,104,
-1,603901.SH,-1,101|102,104,
-1,603709.SH,-1,101|102,104,
-1,688078.SH,-1,101|102,104,
-1,688266.SH,-1,101|102,104,
-1,688239.SH,-1,101|102,104,
-1,605155.SH,-1,101|102,104,
-1,688568.SH,-1,101|102,104,
-1,688636.SH,-1,101|102,104,
-1,600011.SH,-1,101|102,104,
-1,603171.SH,-1,101|102,104,
-1,688375.SH,-1,101|102,104,
-1,688737.SH,-1,101|102,104,
-1,688121.SH,-1,101|102,104,
-1,603665.SH,-1,101|102,104,
-1,688359.SH,-1,101|102,104,
-1,688526.SH,-1,101|102,104,
-1,688056.SH,-1,101|102,104,
-1,688276.SH,-1,101|102,104,
-1,688271.SH,-1,101|102,104,
-1,688622.SH,-1,101|102,104,
-1,603922.SH,-1,101|102,104,
-1,605080.SH,-1,101|102,104,
-1,605123.SH,-1,101|102,104,
-1,688608.SH,-1,101|102,104,
-1,603970.SH,-1,101|102,104,
-1,688098.SH,-1,101|102,104,
-1,605183.SH,-1,101|102,104,
-1,688102.SH,-1,101|102,104,
-1,000078.SZ,-1,101|102,105,
-1,000551.SZ,-1,101|102,105,
-1,000068.SZ,-1,101|102,105,
-1,000545.SZ,-1,101|102,105,
-1,000159.SZ,-1,101|102,105,
-1,000547.SZ,-1,101|102,105,
-1,000652.SZ,-1,101|102,105,
-1,000629.SZ,-1,101|102,105,
-1,000755.SZ,-1,101|102,105,
-1,000757.SZ,-1,101|102,105,
-1,000887.SZ,-1,101|102,105,
-1,000980.SZ,-1,101|102,105,
-1,002072.SZ,-1,101|102,105,
-1,002097.SZ,-1,101|102,105,
-1,002023.SZ,-1,101|102,105,
-1,002179.SZ,-1,101|102,105,
-1,002084.SZ,-1,101|102,105,
-1,002148.SZ,-1,101|102,105,
-1,002177.SZ,-1,101|102,105,
-1,002272.SZ,-1,101|102,105,
-1,002233.SZ,-1,101|102,105,
-1,002332.SZ,-1,101|102,105,
-1,002364.SZ,-1,101|102,105,
-1,002442.SZ,-1,101|102,105,
-1,002435.SZ,-1,101|102,105,
-1,002522.SZ,-1,101|102,105,
-1,002452.SZ,-1,101|102,105,
-1,002519.SZ,-1,101|102,105,
-1,002573.SZ,-1,101|102,105,
-1,002603.SZ,-1,101|102,105,
-1,002580.SZ,-1,101|102,105,
-1,002552.SZ,-1,101|102,105,
-1,002691.SZ,-1,101|102,105,
-1,002786.SZ,-1,101|102,105,
-1,002796.SZ,-1,101|102,105,
-1,002932.SZ,-1,101|102,105,
-1,002947.SZ,-1,101|102,105,
-1,300082.SZ,-1,101|102,105,
-1,300005.SZ,-1,101|102,105,
-1,300094.SZ,-1,101|102,105,
-1,300089.SZ,-1,101|102,105,
-1,300239.SZ,-1,101|102,105,
-1,300313.SZ,-1,101|102,105,
-1,300254.SZ,-1,101|102,105,
-1,300343.SZ,-1,101|102,105,
-1,300415.SZ,-1,101|102,105,
-1,300564.SZ,-1,101|102,105,
-1,300636.SZ,-1,101|102,105,
-1,300497.SZ,-1,101|102,105,
-1,300720.SZ,-1,101|102,105,
-1,300626.SZ,-1,101|102,105,
-1,300678.SZ,-1,101|102,105,
-1,300945.SZ,-1,101|102,105,
-1,300995.SZ,-1,101|102,105,
-1,301065.SZ,-1,101|102,105,
-1,300921.SZ,-1,101|102,105,
-1,301021.SZ,-1,101|102,105,
-1,300976.SZ,-1,101|102,105,
-1,301077.SZ,-1,101|102,105,
-1,301120.SZ,-1,101|102,105,
-1,301103.SZ,-1,101|102,105,
-1,301311.SZ,-1,101|102,105,
-1,301286.SZ,-1,101|102,105,
-1,000166.SZ,-1,101|102,105,
-1,000548.SZ,-1,101|102,105,
-1,000099.SZ,-1,101|102,105,
-1,000638.SZ,-1,101|102,105,
-1,000766.SZ,-1,101|102,105,
-1,000890.SZ,-1,101|102,105,
-1,000680.SZ,-1,101|102,105,
-1,000790.SZ,-1,101|102,105,
-1,000729.SZ,-1,101|102,105,
-1,000836.SZ,-1,101|102,105,
-1,001301.SZ,-1,101|102,105,
-1,000911.SZ,-1,101|102,105,
-1,001211.SZ,-1,101|102,105,
-1,000985.SZ,-1,101|102,105,
-1,002011.SZ,-1,101|102,105,
-1,002093.SZ,-1,101|102,105,
-1,002181.SZ,-1,101|102,105,
-1,002282.SZ,-1,101|102,105,
-1,002226.SZ,-1,101|102,105,
-1,002273.SZ,-1,101|102,105,
-1,002353.SZ,-1,101|102,105,
-1,002443.SZ,-1,101|102,105,
-1,002417.SZ,-1,101|102,105,
-1,002438.SZ,-1,101|102,105,
-1,002553.SZ,-1,101|102,105,
-1,002520.SZ,-1,101|102,105,
-1,002647.SZ,-1,101|102,105,
-1,002530.SZ,-1,101|102,105,
-1,002582.SZ,-1,101|102,105,
-1,002630.SZ,-1,101|102,105,
-1,002709.SZ,-1,101|102,105,
-1,002797.SZ,-1,101|102,105,
-1,002805.SZ,-1,101|102,105,
-1,002873.SZ,-1,101|102,105,
-1,002866.SZ,-1,101|102,105,
-1,002911.SZ,-1,101|102,105,
-1,002910.SZ,-1,101|102,105,
-1,003003.SZ,-1,101|102,105,
-1,300007.SZ,-1,101|102,105,
-1,300039.SZ,-1,101|102,105,
-1,300095.SZ,-1,101|102,105,
-1,300161.SZ,-1,101|102,105,
-1,300153.SZ,-1,101|102,105,
-1,300091.SZ,-1,101|102,105,
-1,300184.SZ,-1,101|102,105,
-1,300208.SZ,-1,101|102,105,
-1,300348.SZ,-1,101|102,105,
-1,300498.SZ,-1,101|102,105,
-1,300261.SZ,-1,101|102,105,
-1,300432.SZ,-1,101|102,105,
-1,300333.SZ,-1,101|102,105,
-1,300575.SZ,-1,101|102,105,
-1,300715.SZ,-1,101|102,105,
-1,300737.SZ,-1,101|102,105,
-1,300838.SZ,-1,101|102,105,
-1,300867.SZ,-1,101|102,105,
-1,300997.SZ,-1,101|102,105,
-1,300940.SZ,-1,101|102,105,
-1,300980.SZ,-1,101|102,105,
-1,301079.SZ,-1,101|102,105,
-1,301028.SZ,-1,101|102,105,
-1,301111.SZ,-1,101|102,105,
-1,301161.SZ,-1,101|102,105,
-1,301312.SZ,-1,101|102,105,
-1,301131.SZ,-1,101|102,105,
-1,301267.SZ,-1,101|102,105,
-1,301313.SZ,-1,101|102,105,
-1,000155.SZ,-1,101|102,105,
-1,000559.SZ,-1,101|102,105,
-1,000554.SZ,-1,101|102,105,
-1,000555.SZ,-1,101|102,105,
-1,000659.SZ,-1,101|102,105,
-1,000573.SZ,-1,101|102,105,
-1,000796.SZ,-1,101|102,105,
-1,000639.SZ,-1,101|102,105,
-1,000761.SZ,-1,101|102,105,
-1,000735.SZ,-1,101|102,105,
-1,000850.SZ,-1,101|102,105,
-1,000892.SZ,-1,101|102,105,
-1,001212.SZ,-1,101|102,105,
-1,002020.SZ,-1,101|102,105,
-1,002005.SZ,-1,101|102,105,
-1,000955.SZ,-1,101|102,105,
-1,001317.SZ,-1,101|102,105,
-1,001267.SZ,-1,101|102,105,
-1,002102.SZ,-1,101|102,105,
-1,002185.SZ,-1,101|102,105,
-1,002173.SZ,-1,101|102,105,
-1,002242.SZ,-1,101|102,105,
-1,002095.SZ,-1,101|102,105,
-1,002153.SZ,-1,101|102,105,
-1,002284.SZ,-1,101|102,105,
-1,002459.SZ,-1,101|102,105,
-1,002521.SZ,-1,101|102,105,
-1,002649.SZ,-1,101|102,105,
-1,002631.SZ,-1,101|102,105,
-1,002712.SZ,-1,101|102,105,
-1,002702.SZ,-1,101|102,105,
-1,002799.SZ,-1,101|102,105,
-1,002807.SZ,-1,101|102,105,
-1,002870.SZ,-1,101|102,105,
-1,002952.SZ,-1,101|102,105,
-1,002935.SZ,-1,101|102,105,
-1,002913.SZ,-1,101|102,105,
-1,002921.SZ,-1,101|102,105,
-1,003040.SZ,-1,101|102,105,
-1,300010.SZ,-1,101|102,105,
-1,300004.SZ,-1,101|102,105,
-1,300003.SZ,-1,101|102,105,
-1,300187.SZ,-1,101|102,105,
-1,300096.SZ,-1,101|102,105,
-1,300209.SZ,-1,101|102,105,
-1,300155.SZ,-1,101|102,105,
-1,300165.SZ,-1,101|102,105,
-1,300286.SZ,-1,101|102,105,
-1,300365.SZ,-1,101|102,105,
-1,300269.SZ,-1,101|102,105,
-1,300503.SZ,-1,101|102,105,
-1,300592.SZ,-1,101|102,105,
-1,300783.SZ,-1,101|102,105,
-1,300770.SZ,-1,101|102,105,
-1,300642.SZ,-1,101|102,105,
-1,300746.SZ,-1,101|102,105,
-1,300821.SZ,-1,101|102,105,
-1,300941.SZ,-1,101|102,105,
-1,300909.SZ,-1,101|102,105,
-1,300870.SZ,-1,101|102,105,
-1,300927.SZ,-1,101|102,105,
-1,301276.SZ,-1,101|102,105,
-1,301088.SZ,-1,101|102,105,
-1,301117.SZ,-1,101|102,105,
-1,301321.SZ,-1,101|102,105,
-1,301306.SZ,-1,101|102,105,
-1,000409.SZ,-1,101|102,105,
-1,000158.SZ,-1,101|102,105,
-1,000565.SZ,-1,101|102,105,
-1,000666.SZ,-1,101|102,105,
-1,000665.SZ,-1,101|102,105,
-1,000582.SZ,-1,101|102,105,
-1,000852.SZ,-1,101|102,105,
-1,000957.SZ,-1,101|102,105,
-1,000788.SZ,-1,101|102,105,
-1,001269.SZ,-1,101|102,105,
-1,001323.SZ,-1,101|102,105,
-1,000893.SZ,-1,101|102,105,
-1,001227.SZ,-1,101|102,105,
-1,002024.SZ,-1,101|102,105,
-1,002107.SZ,-1,101|102,105,
-1,002038.SZ,-1,101|102,105,
-1,002297.SZ,-1,101|102,105,
-1,002110.SZ,-1,101|102,105,
-1,002277.SZ,-1,101|102,105,
-1,002178.SZ,-1,101|102,105,
-1,002197.SZ,-1,101|102,105,
-1,002243.SZ,-1,101|102,105,
-1,002291.SZ,-1,101|102,105,
-1,002355.SZ,-1,101|102,105,
-1,002372.SZ,-1,101|102,105,
-1,002357.SZ,-1,101|102,105,
-1,002371.SZ,-1,101|102,105,
-1,002485.SZ,-1,101|102,105,
-1,002449.SZ,-1,101|102,105,
-1,002537.SZ,-1,101|102,105,
-1,002628.SZ,-1,101|102,105,
-1,002559.SZ,-1,101|102,105,
-1,002724.SZ,-1,101|102,105,
-1,002793.SZ,-1,101|102,105,
-1,002714.SZ,-1,101|102,105,
-1,002802.SZ,-1,101|102,105,
-1,002810.SZ,-1,101|102,105,
-1,002923.SZ,-1,101|102,105,
-1,002718.SZ,-1,101|102,105,
-1,002806.SZ,-1,101|102,105,
-1,002922.SZ,-1,101|102,105,
-1,002956.SZ,-1,101|102,105,
-1,002936.SZ,-1,101|102,105,
-1,003042.SZ,-1,101|102,105,
-1,003027.SZ,-1,101|102,105,
-1,300006.SZ,-1,101|102,105,
-1,300041.SZ,-1,101|102,105,
-1,300098.SZ,-1,101|102,105,
-1,300170.SZ,-1,101|102,105,
-1,300246.SZ,-1,101|102,105,
-1,300008.SZ,-1,101|102,105,
-1,300189.SZ,-1,101|102,105,
-1,300222.SZ,-1,101|102,105,
-1,300287.SZ,-1,101|102,105,
-1,300422.SZ,-1,101|102,105,
-1,300370.SZ,-1,101|102,105,
-1,300342.SZ,-1,101|102,105,
-1,300420.SZ,-1,101|102,105,
-1,300447.SZ,-1,101|102,105,
-1,300540.SZ,-1,101|102,105,
-1,300534.SZ,-1,101|102,105,
-1,300584.SZ,-1,101|102,105,
-1,300638.SZ,-1,101|102,105,
-1,300505.SZ,-1,101|102,105,
-1,300796.SZ,-1,101|102,105,
-1,300692.SZ,-1,101|102,105,
-1,300742.SZ,-1,101|102,105,
-1,300873.SZ,-1,101|102,105,
-1,301012.SZ,-1,101|102,105,
-1,300952.SZ,-1,101|102,105,
-1,301121.SZ,-1,101|102,105,
-1,301048.SZ,-1,101|102,105,
-1,301091.SZ,-1,101|102,105,
-1,301167.SZ,-1,101|102,105,
-1,301328.SZ,-1,101|102,105,
-1,301316.SZ,-1,101|102,105,
-1,000576.SZ,-1,101|102,105,
-1,000561.SZ,-1,101|102,105,
-1,000415.SZ,-1,101|102,105,
-1,000697.SZ,-1,101|102,105,
-1,000566.SZ,-1,101|102,105,
-1,000802.SZ,-1,101|102,105,
-1,000672.SZ,-1,101|102,105,
-1,000667.SZ,-1,101|102,105,
-1,000795.SZ,-1,101|102,105,
-1,001332.SZ,-1,101|102,105,
-1,000958.SZ,-1,101|102,105,
-1,002021.SZ,-1,101|102,105,
-1,002039.SZ,-1,101|102,105,
-1,001238.SZ,-1,101|102,105,
-1,002025.SZ,-1,101|102,105,
-1,002108.SZ,-1,101|102,105,
-1,002112.SZ,-1,101|102,105,
-1,002202.SZ,-1,101|102,105,
-1,002159.SZ,-1,101|102,105,
-1,002188.SZ,-1,101|102,105,
-1,002244.SZ,-1,101|102,105,
-1,002280.SZ,-1,101|102,105,
-1,002298.SZ,-1,101|102,105,
-1,002293.SZ,-1,101|102,105,
-1,002358.SZ,-1,101|102,105,
-1,002536.SZ,-1,101|102,105,
-1,002481.SZ,-1,101|102,105,
-1,002538.SZ,-1,101|102,105,
-1,002486.SZ,-1,101|102,105,
-1,002719.SZ,-1,101|102,105,
-1,002641.SZ,-1,101|102,105,
-1,002652.SZ,-1,101|102,105,
-1,002798.SZ,-1,101|102,105,
-1,002717.SZ,-1,101|102,105,
-1,002812.SZ,-1,101|102,105,
-1,002828.SZ,-1,101|102,105,
-1,002891.SZ,-1,101|102,105,
-1,002937.SZ,-1,101|102,105,
-1,002875.SZ,-1,101|102,105,
-1,003816.SZ,-1,101|102,105,
-1,002926.SZ,-1,101|102,105,
-1,300011.SZ,-1,101|102,105,
-1,300016.SZ,-1,101|102,105,
-1,300100.SZ,-1,101|102,105,
-1,300105.SZ,-1,101|102,105,
-1,300250.SZ,-1,101|102,105,
-1,300143.SZ,-1,101|102,105,
-1,300190.SZ,-1,101|102,105,
-1,300355.SZ,-1,101|102,105,
-1,300279.SZ,-1,101|102,105,
-1,300223.SZ,-1,101|102,105,
-1,300425.SZ,-1,101|102,105,
-1,300446.SZ,-1,101|102,105,
-1,300344.SZ,-1,101|102,105,
-1,300289.SZ,-1,101|102,105,
-1,300374.SZ,-1,101|102,105,
-1,300506.SZ,-1,101|102,105,
-1,300538.SZ,-1,101|102,105,
-1,300598.SZ,-1,101|102,105,
-1,300448.SZ,-1,101|102,105,
-1,300541.SZ,-1,101|102,105,
-1,300589.SZ,-1,101|102,105,
-1,300775.SZ,-1,101|102,105,
-1,300828.SZ,-1,101|102,105,
-1,300753.SZ,-1,101|102,105,
-1,300860.SZ,-1,101|102,105,
-1,300916.SZ,-1,101|102,105,
-1,300965.SZ,-1,101|102,105,
-1,300999.SZ,-1,101|102,105,
-1,301040.SZ,-1,101|102,105,
-1,301123.SZ,-1,101|102,105,
-1,301090.SZ,-1,101|102,105,
-1,301097.SZ,-1,101|102,105,
-1,301138.SZ,-1,101|102,105,
-1,301216.SZ,-1,101|102,105,
-1,301197.SZ,-1,101|102,105,
-1,301186.SZ,-1,101|102,105,
-1,301330.SZ,-1,101|102,105,
-1,301317.SZ,-1,101|102,105,
-1,000407.SZ,-1,101|102,105,
-1,000568.SZ,-1,101|102,105,
-1,000587.SZ,-1,101|102,105,
-1,000670.SZ,-1,101|102,105,
-1,000701.SZ,-1,101|102,105,
-1,000793.SZ,-1,101|102,105,
-1,000809.SZ,-1,101|102,105,
-1,000807.SZ,-1,101|102,105,
-1,000960.SZ,-1,101|102,105,
-1,000902.SZ,-1,101|102,105,
-1,000966.SZ,-1,101|102,105,
-1,001258.SZ,-1,101|102,105,
-1,001202.SZ,-1,101|102,105,
-1,002026.SZ,-1,101|102,105,
-1,002022.SZ,-1,101|102,105,
-1,002086.SZ,-1,101|102,105,
-1,002237.SZ,-1,101|102,105,
-1,002119.SZ,-1,101|102,105,
-1,002290.SZ,-1,101|102,105,
-1,002300.SZ,-1,101|102,105,
-1,002360.SZ,-1,101|102,105,
-1,002456.SZ,-1,101|102,105,
-1,002489.SZ,-1,101|102,105,
-1,002597.SZ,-1,101|102,105,
-1,002645.SZ,-1,101|102,105,
-1,002725.SZ,-1,101|102,105,
-1,002609.SZ,-1,101|102,105,
-1,002638.SZ,-1,101|102,105,
-1,002726.SZ,-1,101|102,105,
-1,002654.SZ,-1,101|102,105,
-1,002737.SZ,-1,101|102,105,
-1,002816.SZ,-1,101|102,105,
-1,002813.SZ,-1,101|102,105,
-1,002877.SZ,-1,101|102,105,
-1,002808.SZ,-1,101|102,105,
-1,002895.SZ,-1,101|102,105,
-1,002939.SZ,-1,101|102,105,
-1,003010.SZ,-1,101|102,105,
-1,300013.SZ,-1,101|102,105,
-1,300226.SZ,-1,101|102,105,
-1,300192.SZ,-1,101|102,105,
-1,300293.SZ,-1,101|102,105,
-1,300426.SZ,-1,101|102,105,
-1,300457.SZ,-1,101|102,105,
-1,300590.SZ,-1,101|102,105,
-1,300652.SZ,-1,101|102,105,
-1,300679.SZ,-1,101|102,105,
-1,300883.SZ,-1,101|102,105,
-1,300961.SZ,-1,101|102,105,
-1,301156.SZ,-1,101|102,105,
-1,301093.SZ,-1,101|102,105,
-1,301288.SZ,-1,101|102,105,
-1,003031.SZ,-1,101|102,105,
-1,300014.SZ,-1,101|102,105,
-1,300047.SZ,-1,101|102,105,
-1,300109.SZ,-1,101|102,105,
-1,300164.SZ,-1,101|102,105,
-1,300183.SZ,-1,101|102,105,
-1,300251.SZ,-1,101|102,105,
-1,300357.SZ,-1,101|102,105,
-1,300452.SZ,-1,101|102,105,
-1,300543.SZ,-1,101|102,105,
-1,300645.SZ,-1,101|102,105,
-1,300776.SZ,-1,101|102,105,
-1,300869.SZ,-1,101|102,105,
-1,300918.SZ,-1,101|102,105,
-1,301001.SZ,-1,101|102,105,
-1,301046.SZ,-1,101|102,105,
-1,301098.SZ,-1,101|102,105,
-1,301189.SZ,-1,101|102,105,
-1,301150.SZ,-1,101|102,105,
-1,000006.SZ,-1,101|102,105,
-1,000004.SZ,-1,101|102,105,
-1,000413.SZ,-1,101|102,105,
-1,000571.SZ,-1,101|102,105,
-1,000417.SZ,-1,101|102,105,
-1,000401.SZ,-1,101|102,105,
-1,000428.SZ,-1,101|102,105,
-1,000570.SZ,-1,101|102,105,
-1,000812.SZ,-1,101|102,105,
-1,000915.SZ,-1,101|102,105,
-1,000933.SZ,-1,101|102,105,
-1,000623.SZ,-1,101|102,105,
-1,001259.SZ,-1,101|102,105,
-1,002032.SZ,-1,101|102,105,
-1,000978.SZ,-1,101|102,105,
-1,002115.SZ,-1,101|102,105,
-1,001979.SZ,-1,101|102,105,
-1,002120.SZ,-1,101|102,105,
-1,002193.SZ,-1,101|102,105,
-1,002042.SZ,-1,101|102,105,
-1,002113.SZ,-1,101|102,105,
-1,002205.SZ,-1,101|102,105,
-1,002304.SZ,-1,101|102,105,
-1,002089.SZ,-1,101|102,105,
-1,002162.SZ,-1,101|102,105,
-1,002259.SZ,-1,101|102,105,
-1,002238.SZ,-1,101|102,105,
-1,002373.SZ,-1,101|102,105,
-1,002361.SZ,-1,101|102,105,
-1,002385.SZ,-1,101|102,105,
-1,002380.SZ,-1,101|102,105,
-1,002462.SZ,-1,101|102,105,
-1,002542.SZ,-1,101|102,105,
-1,002615.SZ,-1,101|102,105,
-1,002642.SZ,-1,101|102,105,
-1,002734.SZ,-1,101|102,105,
-1,002731.SZ,-1,101|102,105,
-1,002833.SZ,-1,101|102,105,
-1,002945.SZ,-1,101|102,105,
-1,002900.SZ,-1,101|102,105,
-1,002949.SZ,-1,101|102,105,
-1,002739.SZ,-1,101|102,105,
-1,002823.SZ,-1,101|102,105,
-1,002960.SZ,-1,101|102,105,
-1,003026.SZ,-1,101|102,105,
-1,003021.SZ,-1,101|102,105,
-1,300115.SZ,-1,101|102,105,
-1,300151.SZ,-1,101|102,105,
-1,300229.SZ,-1,101|102,105,
-1,300199.SZ,-1,101|102,105,
-1,300048.SZ,-1,101|102,105,
-1,300110.SZ,-1,101|102,105,
-1,300114.SZ,-1,101|102,105,
-1,300281.SZ,-1,101|102,105,
-1,300260.SZ,-1,101|102,105,
-1,300436.SZ,-1,101|102,105,
-1,300363.SZ,-1,101|102,105,
-1,300510.SZ,-1,101|102,105,
-1,300463.SZ,-1,101|102,105,
-1,300591.SZ,-1,101|102,105,
-1,300593.SZ,-1,101|102,105,
-1,300657.SZ,-1,101|102,105,
-1,300682.SZ,-1,101|102,105,
-1,300861.SZ,-1,101|102,105,
-1,300975.SZ,-1,101|102,105,
-1,300963.SZ,-1,101|102,105,
-1,301108.SZ,-1,101|102,105,
-1,301365.SZ,-1,101|102,105,
-1,300461.SZ,-1,101|102,105,
-1,300647.SZ,-1,101|102,105,
-1,300777.SZ,-1,101|102,105,
-1,300839.SZ,-1,101|102,105,
-1,300872.SZ,-1,101|102,105,
-1,300922.SZ,-1,101|102,105,
-1,301003.SZ,-1,101|102,105,
-1,301100.SZ,-1,101|102,105,
-1,301190.SZ,-1,101|102,105,
-1,301338.SZ,-1,101|102,105,
-1,000012.SZ,-1,101|102,105,
-1,000007.SZ,-1,101|102,105,
-1,000014.SZ,-1,101|102,105,
-1,000631.SZ,-1,101|102,105,
-1,000420.SZ,-1,101|102,105,
-1,000581.SZ,-1,101|102,105,
-1,000683.SZ,-1,101|102,105,
-1,000816.SZ,-1,101|102,105,
-1,000779.SZ,-1,101|102,105,
-1,000798.SZ,-1,101|102,105,
-1,000969.SZ,-1,101|102,105,
-1,000937.SZ,-1,101|102,105,
-1,000981.SZ,-1,101|102,105,
-1,001208.SZ,-1,101|102,105,
-1,002091.SZ,-1,101|102,105,
-1,002127.SZ,-1,101|102,105,
-1,002196.SZ,-1,101|102,105,
-1,002265.SZ,-1,101|102,105,
-1,002206.SZ,-1,101|102,105,
-1,002117.SZ,-1,101|102,105,
-1,002174.SZ,-1,101|102,105,
-1,002388.SZ,-1,101|102,105,
-1,002382.SZ,-1,101|102,105,
-1,002474.SZ,-1,101|102,105,
-1,002558.SZ,-1,101|102,105,
-1,002363.SZ,-1,101|102,105,
-1,002644.SZ,-1,101|102,105,
-1,002431.SZ,-1,101|102,105,
-1,002624.SZ,-1,101|102,105,
-1,002570.SZ,-1,101|102,105,
-1,002742.SZ,-1,101|102,105,
-1,002819.SZ,-1,101|102,105,
-1,003041.SZ,-1,101|102,105,
-1,002817.SZ,-1,101|102,105,
-1,002961.SZ,-1,101|102,105,
-1,002941.SZ,-1,101|102,105,
-1,003028.SZ,-1,101|102,105,
-1,300163.SZ,-1,101|102,105,
-1,300262.SZ,-1,101|102,105,
-1,300284.SZ,-1,101|102,105,
-1,300360.SZ,-1,101|102,105,
-1,300516.SZ,-1,101|102,105,
-1,300546.SZ,-1,101|102,105,
-1,300594.SZ,-1,101|102,105,
-1,300707.SZ,-1,101|102,105,
-1,300595.SZ,-1,101|102,105,
-1,300662.SZ,-1,101|102,105,
-1,300684.SZ,-1,101|102,105,
-1,300781.SZ,-1,101|102,105,
-1,300766.SZ,-1,101|102,105,
-1,300802.SZ,-1,101|102,105,
-1,300875.SZ,-1,101|102,105,
-1,300862.SZ,-1,101|102,105,
-1,300926.SZ,-1,101|102,105,
-1,300966.SZ,-1,101|102,105,
-1,300977.SZ,-1,101|102,105,
-1,301025.SZ,-1,101|102,105,
-1,301109.SZ,-1,101|102,105,
-1,301220.SZ,-1,101|102,105,
-1,301069.SZ,-1,101|102,105,
-1,301155.SZ,-1,101|102,105,
-1,301223.SZ,-1,101|102,105,
-1,301106.SZ,-1,101|102,105,
-1,301339.SZ,-1,101|102,105,
-1,000010.SZ,-1,101|102,105,
-1,000597.SZ,-1,101|102,105,
-1,000008.SZ,-1,101|102,105,
-1,000715.SZ,-1,101|102,105,
-1,000637.SZ,-1,101|102,105,
-1,000589.SZ,-1,101|102,105,
-1,000685.SZ,-1,101|102,105,
-1,000820.SZ,-1,101|102,105,
-1,000803.SZ,-1,101|102,105,
-1,001322.SZ,-1,101|102,105,
-1,000988.SZ,-1,101|102,105,
-1,002040.SZ,-1,101|102,105,
-1,001213.SZ,-1,101|102,105,
-1,002034.SZ,-1,101|102,105,
-1,002121.SZ,-1,101|102,105,
-1,002126.SZ,-1,101|102,105,
-1,002309.SZ,-1,101|102,105,
-1,002176.SZ,-1,101|102,105,
-1,002301.SZ,-1,101|102,105,
-1,002241.SZ,-1,101|102,105,
-1,002436.SZ,-1,101|102,105,
-1,002391.SZ,-1,101|102,105,
-1,002383.SZ,-1,101|102,105,
-1,002508.SZ,-1,101|102,105,
-1,002514.SZ,-1,101|102,105,
-1,002572.SZ,-1,101|102,105,
-1,002646.SZ,-1,101|102,105,
-1,002608.SZ,-1,101|102,105,
-1,002667.SZ,-1,101|102,105,
-1,002730.SZ,-1,101|102,105,
-1,002733.SZ,-1,101|102,105,
-1,002753.SZ,-1,101|102,105,
-1,002818.SZ,-1,101|102,105,
-1,002824.SZ,-1,101|102,105,
-1,002963.SZ,-1,101|102,105,
-1,003043.SZ,-1,101|102,105,
-1,002951.SZ,-1,101|102,105,
-1,300061.SZ,-1,101|102,105,
-1,300029.SZ,-1,101|102,105,
-1,300185.SZ,-1,101|102,105,
-1,300245.SZ,-1,101|102,105,
-1,300263.SZ,-1,101|102,105,
-1,300303.SZ,-1,101|102,105,
-1,300290.SZ,-1,101|102,105,
-1,300471.SZ,-1,101|102,105,
-1,300364.SZ,-1,101|102,105,
-1,300465.SZ,-1,101|102,105,
-1,300523.SZ,-1,101|102,105,
-1,300576.SZ,-1,101|102,105,
-1,300653.SZ,-1,101|102,105,
-1,300708.SZ,-1,101|102,105,
-1,300738.SZ,-1,101|102,105,
-1,300843.SZ,-1,101|102,105,
-1,300597.SZ,-1,101|102,105,
-1,300929.SZ,-1,101|102,105,
-1,300876.SZ,-1,101|102,105,
-1,300600.SZ,-1,101|102,105,
-1,300772.SZ,-1,101|102,105,
-1,301071.SZ,-1,101|102,105,
-1,301060.SZ,-1,101|102,105,
-1,301297.SZ,-1,101|102,105,
-1,301221.SZ,-1,101|102,105,
-1,301377.SZ,-1,101|102,105,
-1,301349.SZ,-1,101|102,105,
-1,000036.SZ,-1,101|102,105,
-1,000023.SZ,-1,101|102,105,
-1,000503.SZ,-1,101|102,105,
-1,000017.SZ,-1,101|102,105,
-1,000592.SZ,-1,101|102,105,
-1,000718.SZ,-1,101|102,105,
-1,000709.SZ,-1,101|102,105,
-1,000785.SZ,-1,101|102,105,
-1,000962.SZ,-1,101|102,105,
-1,000929.SZ,-1,101|102,105,
-1,002129.SZ,-1,101|102,105,
-1,001330.SZ,-1,101|102,105,
-1,002122.SZ,-1,101|102,105,
-1,002204.SZ,-1,101|102,105,
-1,002010.SZ,-1,101|102,105,
-1,002281.SZ,-1,101|102,105,
-1,002047.SZ,-1,101|102,105,
-1,002182.SZ,-1,101|102,105,
-1,002211.SZ,-1,101|102,105,
-1,002219.SZ,-1,101|102,105,
-1,002303.SZ,-1,101|102,105,
-1,002249.SZ,-1,101|102,105,
-1,002323.SZ,-1,101|102,105,
-1,002400.SZ,-1,101|102,105,
-1,002387.SZ,-1,101|102,105,
-1,002437.SZ,-1,101|102,105,
-1,002510.SZ,-1,101|102,105,
-1,002516.SZ,-1,101|102,105,
-1,002584.SZ,-1,101|102,105,
-1,002475.SZ,-1,101|102,105,
-1,002546.SZ,-1,101|102,105,
-1,002738.SZ,-1,101|102,105,
-1,002759.SZ,-1,101|102,105,
-1,002884.SZ,-1,101|102,105,
-1,002943.SZ,-1,101|102,105,
-1,002735.SZ,-1,101|102,105,
-1,002840.SZ,-1,101|102,105,
-1,002906.SZ,-1,101|102,105,
-1,002966.SZ,-1,101|102,105,
-1,002969.SZ,-1,101|102,105,
-1,300066.SZ,-1,101|102,105,
-1,300197.SZ,-1,101|102,105,
-1,300051.SZ,-1,101|102,105,
-1,300116.SZ,-1,101|102,105,
-1,300193.SZ,-1,101|102,105,
-1,300291.SZ,-1,101|102,105,
-1,300168.SZ,-1,101|102,105,
-1,300368.SZ,-1,101|102,105,
-1,300210.SZ,-1,101|102,105,
-1,300299.SZ,-1,101|102,105,
-1,300247.SZ,-1,101|102,105,
-1,300307.SZ,-1,101|102,105,
-1,300379.SZ,-1,101|102,105,
-1,300392.SZ,-1,101|102,105,
-1,300444.SZ,-1,101|102,105,
-1,300528.SZ,-1,101|102,105,
-1,300578.SZ,-1,101|102,105,
-1,300625.SZ,-1,101|102,105,
-1,300739.SZ,-1,101|102,105,
-1,300787.SZ,-1,101|102,105,
-1,300525.SZ,-1,101|102,105,
-1,300811.SZ,-1,101|102,105,
-1,300956.SZ,-1,101|102,105,
-1,300603.SZ,-1,101|102,105,
-1,300689.SZ,-1,101|102,105,
-1,300788.SZ,-1,101|102,105,
-1,300969.SZ,-1,101|102,105,
-1,301115.SZ,-1,101|102,105,
-1,300981.SZ,-1,101|102,105,
-1,301118.SZ,-1,101|102,105,
-1,301228.SZ,-1,101|102,105,
-1,301300.SZ,-1,101|102,105,
-1,301166.SZ,-1,101|102,105,
-1,301238.SZ,-1,101|102,105,
-1,301368.SZ,-1,101|102,105,
-1,301359.SZ,-1,101|102,105,
-1,000026.SZ,-1,101|102,105,
-1,000421.SZ,-1,101|102,105,
-1,000037.SZ,-1,101|102,105,
-1,000519.SZ,-1,101|102,105,
-1,000593.SZ,-1,101|102,105,
-1,000656.SZ,-1,101|102,105,
-1,000600.SZ,-1,101|102,105,
-1,000725.SZ,-1,101|102,105,
-1,000692.SZ,-1,101|102,105,
-1,000862.SZ,-1,101|102,105,
-1,000931.SZ,-1,101|102,105,
-1,000967.SZ,-1,101|102,105,
-1,000987.SZ,-1,101|102,105,
-1,001299.SZ,-1,101|102,105,
-1,002049.SZ,-1,101|102,105,
-1,002048.SZ,-1,101|102,105,
-1,002015.SZ,-1,101|102,105,
-1,002184.SZ,-1,101|102,105,
-1,002324.SZ,-1,101|102,105,
-1,002378.SZ,-1,101|102,105,
-1,002399.SZ,-1,101|102,105,
-1,002401.SZ,-1,101|102,105,
-1,002393.SZ,-1,101|102,105,
-1,002491.SZ,-1,101|102,105,
-1,002517.SZ,-1,101|102,105,
-1,002446.SZ,-1,101|102,105,
-1,002547.SZ,-1,101|102,105,
-1,002666.SZ,-1,101|102,105,
-1,002760.SZ,-1,101|102,105,
-1,002651.SZ,-1,101|102,105,
-1,002740.SZ,-1,101|102,105,
-1,002751.SZ,-1,101|102,105,
-1,002821.SZ,-1,101|102,105,
-1,002736.SZ,-1,101|102,105,
-1,002908.SZ,-1,101|102,105,
-1,002973.SZ,-1,101|102,105,
-1,003037.SZ,-1,101|102,105,
-1,300026.SZ,-1,101|102,105,
-1,300055.SZ,-1,101|102,105,
-1,002972.SZ,-1,101|102,105,
-1,300045.SZ,-1,101|102,105,
-1,300124.SZ,-1,101|102,105,
-1,300122.SZ,-1,101|102,105,
-1,300205.SZ,-1,101|102,105,
-1,300301.SZ,-1,101|102,105,
-1,300292.SZ,-1,101|102,105,
-1,300275.SZ,-1,101|102,105,
-1,300606.SZ,-1,101|102,105,
-1,300674.SZ,-1,101|102,105,
-1,300893.SZ,-1,101|102,105,
-1,301076.SZ,-1,101|102,105,
-1,301036.SZ,-1,101|102,105,
-1,301229.SZ,-1,101|102,105,
-1,300464.SZ,-1,101|102,105,
-1,300627.SZ,-1,101|102,105,
-1,300789.SZ,-1,101|102,105,
-1,300659.SZ,-1,101|102,105,
-1,300936.SZ,-1,101|102,105,
-1,301168.SZ,-1,101|102,105,
-1,301116.SZ,-1,101|102,105,
-1,301205.SZ,-1,101|102,105,
-1,301378.SZ,-1,101|102,105,
-1,000016.SZ,-1,101|102,105,
-1,000027.SZ,-1,101|102,105,
-1,000429.SZ,-1,101|102,105,
-1,000595.SZ,-1,101|102,105,
-1,000506.SZ,-1,101|102,105,
-1,000601.SZ,-1,101|102,105,
-1,000700.SZ,-1,101|102,105,
-1,000711.SZ,-1,101|102,105,
-1,000520.SZ,-1,101|102,105,
-1,000661.SZ,-1,101|102,105,
-1,000498.SZ,-1,101|102,105,
-1,000615.SZ,-1,101|102,105,
-1,000792.SZ,-1,101|102,105,
-1,000901.SZ,-1,101|102,105,
-1,000968.SZ,-1,101|102,105,
-1,001311.SZ,-1,101|102,105,
-1,002052.SZ,-1,101|102,105,
-1,002139.SZ,-1,101|102,105,
-1,002209.SZ,-1,101|102,105,
-1,002137.SZ,-1,101|102,105,
-1,002227.SZ,-1,101|102,105,
-1,002135.SZ,-1,101|102,105,
-1,002325.SZ,-1,101|102,105,
-1,002310.SZ,-1,101|102,105,
-1,002379.SZ,-1,101|102,105,
-1,002448.SZ,-1,101|102,105,
-1,002524.SZ,-1,101|102,105,
-1,002671.SZ,-1,101|102,105,
-1,002612.SZ,-1,101|102,105,
-1,002678.SZ,-1,101|102,105,
-1,002745.SZ,-1,101|102,105,
-1,002856.SZ,-1,101|102,105,
-1,002492.SZ,-1,101|102,105,
-1,002576.SZ,-1,101|102,105,
-1,002756.SZ,-1,101|102,105,
-1,002404.SZ,-1,101|102,105,
-1,002479.SZ,-1,101|102,105,
-1,002741.SZ,-1,101|102,105,
-1,002977.SZ,-1,101|102,105,
-1,002976.SZ,-1,101|102,105,
-1,300046.SZ,-1,101|102,105,
-1,300057.SZ,-1,101|102,105,
-1,300138.SZ,-1,101|102,105,
-1,300127.SZ,-1,101|102,105,
-1,300125.SZ,-1,101|102,105,
-1,300214.SZ,-1,101|102,105,
-1,300306.SZ,-1,101|102,105,
-1,300213.SZ,-1,101|102,105,
-1,300380.SZ,-1,101|102,105,
-1,300316.SZ,-1,101|102,105,
-1,300409.SZ,-1,101|102,105,
-1,300535.SZ,-1,101|102,105,
-1,300601.SZ,-1,101|102,105,
-1,300633.SZ,-1,101|102,105,
-1,300660.SZ,-1,101|102,105,
-1,300743.SZ,-1,101|102,105,
-1,300386.SZ,-1,101|102,105,
-1,300451.SZ,-1,101|102,105,
-1,300726.SZ,-1,101|102,105,
-1,300790.SZ,-1,101|102,105,
-1,300857.SZ,-1,101|102,105,
-1,300968.SZ,-1,101|102,105,
-1,300558.SZ,-1,101|102,105,
-1,300612.SZ,-1,101|102,105,
-1,300694.SZ,-1,101|102,105,
-1,300792.SZ,-1,101|102,105,
-1,301206.SZ,-1,101|102,105,
-1,300799.SZ,-1,101|102,105,
-1,300879.SZ,-1,101|102,105,
-1,301169.SZ,-1,101|102,105,
-1,301248.SZ,-1,101|102,105,
-1,301379.SZ,-1,101|102,105,
-1,000050.SZ,-1,101|102,105,
-1,000039.SZ,-1,101|102,105,
-1,000521.SZ,-1,101|102,105,
-1,000021.SZ,-1,101|102,105,
-1,000030.SZ,-1,101|102,105,
-1,000510.SZ,-1,101|102,105,
-1,000605.SZ,-1,101|102,105,
-1,000430.SZ,-1,101|102,105,
-1,000603.SZ,-1,101|102,105,
-1,000619.SZ,-1,101|102,105,
-1,000669.SZ,-1,101|102,105,
-1,000903.SZ,-1,101|102,105,
-1,000733.SZ,-1,101|102,105,
-1,000838.SZ,-1,101|102,105,
-1,000990.SZ,-1,101|102,105,
-1,000936.SZ,-1,101|102,105,
-1,001216.SZ,-1,101|102,105,
-1,000972.SZ,-1,101|102,105,
-1,001896.SZ,-1,101|102,105,
-1,002059.SZ,-1,101|102,105,
-1,002189.SZ,-1,101|102,105,
-1,002261.SZ,-1,101|102,105,
-1,002248.SZ,-1,101|102,105,
-1,002053.SZ,-1,101|102,105,
-1,002140.SZ,-1,101|102,105,
-1,002213.SZ,-1,101|102,105,
-1,002138.SZ,-1,101|102,105,
-1,002311.SZ,-1,101|102,105,
-1,002320.SZ,-1,101|102,105,
-1,002384.SZ,-1,101|102,105,
-1,002395.SZ,-1,101|102,105,
-1,002453.SZ,-1,101|102,105,
-1,002496.SZ,-1,101|102,105,
-1,002528.SZ,-1,101|102,105,
-1,002518.SZ,-1,101|102,105,
-1,002592.SZ,-1,101|102,105,
-1,002672.SZ,-1,101|102,105,
-1,002613.SZ,-1,101|102,105,
-1,002577.SZ,-1,101|102,105,
-1,002653.SZ,-1,101|102,105,
-1,002659.SZ,-1,101|102,105,
-1,002771.SZ,-1,101|102,105,
-1,002743.SZ,-1,101|102,105,
-1,002826.SZ,-1,101|102,105,
-1,002957.SZ,-1,101|102,105,
-1,002984.SZ,-1,101|102,105,
-1,002915.SZ,-1,101|102,105,
-1,002982.SZ,-1,101|102,105,
-1,300126.SZ,-1,101|102,105,
-1,300212.SZ,-1,101|102,105,
-1,300034.SZ,-1,101|102,105,
-1,300277.SZ,-1,101|102,105,
-1,300063.SZ,-1,101|102,105,
-1,300142.SZ,-1,101|102,105,
-1,300173.SZ,-1,101|102,105,
-1,300381.SZ,-1,101|102,105,
-1,300308.SZ,-1,101|102,105,
-1,300256.SZ,-1,101|102,105,
-1,300322.SZ,-1,101|102,105,
-1,300539.SZ,-1,101|102,105,
-1,300604.SZ,-1,101|102,105,
-1,300727.SZ,-1,101|102,105,
-1,300531.SZ,-1,101|102,105,
-1,300826.SZ,-1,101|102,105,
-1,300618.SZ,-1,101|102,105,
-1,300613.SZ,-1,101|102,105,
-1,300864.SZ,-1,101|102,105,
-1,300813.SZ,-1,101|102,105,
-1,300891.SZ,-1,101|102,105,
-1,300805.SZ,-1,101|102,105,
-1,300949.SZ,-1,101|102,105,
-1,300985.SZ,-1,101|102,105,
-1,301000.SZ,-1,101|102,105,
-1,301125.SZ,-1,101|102,105,
-1,301246.SZ,-1,101|102,105,
-1,301222.SZ,-1,101|102,105,
-1,301308.SZ,-1,101|102,105,
-1,000055.SZ,-1,101|102,105,
-1,000025.SZ,-1,101|102,105,
-1,000516.SZ,-1,101|102,105,
-1,000031.SZ,-1,101|102,105,
-1,000523.SZ,-1,101|102,105,
-1,000042.SZ,-1,101|102,105,
-1,000513.SZ,-1,101|102,105,
-1,000678.SZ,-1,101|102,105,
-1,000737.SZ,-1,101|102,105,
-1,000606.SZ,-1,101|102,105,
-1,000905.SZ,-1,101|102,105,
-1,000875.SZ,-1,101|102,105,
-1,000995.SZ,-1,101|102,105,
-1,000717.SZ,-1,101|102,105,
-1,002060.SZ,-1,101|102,105,
-1,001914.SZ,-1,101|102,105,
-1,002061.SZ,-1,101|102,105,
-1,002141.SZ,-1,101|102,105,
-1,002214.SZ,-1,101|102,105,
-1,002151.SZ,-1,101|102,105,
-1,002252.SZ,-1,101|102,105,
-1,002234.SZ,-1,101|102,105,
-1,002338.SZ,-1,101|102,105,
-1,002314.SZ,-1,101|102,105,
-1,002292.SZ,-1,101|102,105,
-1,002386.SZ,-1,101|102,105,
-1,002396.SZ,-1,101|102,105,
-1,002454.SZ,-1,101|102,105,
-1,002501.SZ,-1,101|102,105,
-1,002534.SZ,-1,101|102,105,
-1,002563.SZ,-1,101|102,105,
-1,002664.SZ,-1,101|102,105,
-1,002578.SZ,-1,101|102,105,
-1,002758.SZ,-1,101|102,105,
-1,002842.SZ,-1,101|102,105,
-1,002755.SZ,-1,101|102,105,
-1,002523.SZ,-1,101|102,105,
-1,002593.SZ,-1,101|102,105,
-1,002979.SZ,-1,101|102,105,
-1,002747.SZ,-1,101|102,105,
-1,300050.SZ,-1,101|102,105,
-1,300077.SZ,-1,101|102,105,
-1,300065.SZ,-1,101|102,105,
-1,300129.SZ,-1,101|102,105,
-1,300036.SZ,-1,101|102,105,
-1,300258.SZ,-1,101|102,105,
-1,300285.SZ,-1,101|102,105,
-1,300224.SZ,-1,101|102,105,
-1,300320.SZ,-1,101|102,105,
-1,300384.SZ,-1,101|102,105,
-1,300310.SZ,-1,101|102,105,
-1,300324.SZ,-1,101|102,105,
-1,300486.SZ,-1,101|102,105,
-1,300458.SZ,-1,101|102,105,
-1,300548.SZ,-1,101|102,105,
-1,300673.SZ,-1,101|102,105,
-1,300730.SZ,-1,101|102,105,
-1,300491.SZ,-1,101|102,105,
-1,300560.SZ,-1,101|102,105,
-1,300623.SZ,-1,101|102,105,
-1,300536.SZ,-1,101|102,105,
-1,300703.SZ,-1,101|102,105,
-1,300831.SZ,-1,101|102,105,
-1,300894.SZ,-1,101|102,105,
-1,300824.SZ,-1,101|102,105,
-1,301002.SZ,-1,101|102,105,
-1,300978.SZ,-1,101|102,105,
-1,301075.SZ,-1,101|102,105,
-1,301092.SZ,-1,101|102,105,
-1,301041.SZ,-1,101|102,105,
-1,301268.SZ,-1,101|102,105,
-1,301230.SZ,-1,101|102,105,
-1,301391.SZ,-1,101|102,105,
-1,000032.SZ,-1,101|102,105,
-1,000045.SZ,-1,101|102,105,
-1,000532.SZ,-1,101|102,105,
-1,000063.SZ,-1,101|102,105,
-1,000630.SZ,-1,101|102,105,
-1,000526.SZ,-1,101|102,105,
-1,000616.SZ,-1,101|102,105,
-1,000739.SZ,-1,101|102,105,
-1,000720.SZ,-1,101|102,105,
-1,000719.SZ,-1,101|102,105,
-1,000856.SZ,-1,101|102,105,
-1,000679.SZ,-1,101|102,105,
-1,001283.SZ,-1,101|102,105,
-1,001229.SZ,-1,101|102,105,
-1,002029.SZ,-1,101|102,105,
-1,002064.SZ,-1,101|102,105,
-1,002063.SZ,-1,101|102,105,
-1,002118.SZ,-1,101|102,105,
-1,002194.SZ,-1,101|102,105,
-1,002317.SZ,-1,101|102,105,
-1,002142.SZ,-1,101|102,105,
-1,002146.SZ,-1,101|102,105,
-1,002240.SZ,-1,101|102,105,
-1,002306.SZ,-1,101|102,105,
-1,002422.SZ,-1,101|102,105,
-1,002457.SZ,-1,101|102,105,
-1,002526.SZ,-1,101|102,105,
-1,002413.SZ,-1,101|102,105,
-1,002599.SZ,-1,101|102,105,
-1,002487.SZ,-1,101|102,105,
-1,002682.SZ,-1,101|102,105,
-1,002585.SZ,-1,101|102,105,
-1,002564.SZ,-1,101|102,105,
-1,002665.SZ,-1,101|102,105,
-1,002769.SZ,-1,101|102,105,
-1,002752.SZ,-1,101|102,105,
-1,002843.SZ,-1,101|102,105,
-1,002967.SZ,-1,101|102,105,
-1,002987.SZ,-1,101|102,105,
-1,002990.SZ,-1,101|102,105,
-1,300072.SZ,-1,101|102,105,
-1,300078.SZ,-1,101|102,105,
-1,300053.SZ,-1,101|102,105,
-1,300148.SZ,-1,101|102,105,
-1,300133.SZ,-1,101|102,105,
-1,300052.SZ,-1,101|102,105,
-1,300132.SZ,-1,101|102,105,
-1,300219.SZ,-1,101|102,105,
-1,300427.SZ,-1,101|102,105,
-1,300391.SZ,-1,101|102,105,
-1,300490.SZ,-1,101|102,105,
-1,300480.SZ,-1,101|102,105,
-1,300643.SZ,-1,101|102,105,
-1,300735.SZ,-1,101|102,105,
-1,300675.SZ,-1,101|102,105,
-1,300756.SZ,-1,101|102,105,
-1,300866.SZ,-1,101|102,105,
-1,300835.SZ,-1,101|102,105,
-1,300494.SZ,-1,101|102,105,
-1,300987.SZ,-1,101|102,105,
-1,300637.SZ,-1,101|102,105,
-1,300706.SZ,-1,101|102,105,
-1,301078.SZ,-1,101|102,105,
-1,300830.SZ,-1,101|102,105,
-1,300807.SZ,-1,101|102,105,
-1,300900.SZ,-1,101|102,105,
-1,301260.SZ,-1,101|102,105,
-1,301439.SZ,-1,101|102,105,
-1,301396.SZ,-1,101|102,105,
-1,301133.SZ,-1,101|102,105,
-1,301269.SZ,-1,101|102,105,
-1,000038.SZ,-1,101|102,105,
-1,000066.SZ,-1,101|102,105,
-1,000633.SZ,-1,101|102,105,
-1,000681.SZ,-1,101|102,105,
-1,000883.SZ,-1,101|102,105,
-1,002007.SZ,-1,101|102,105,
-1,001231.SZ,-1,101|102,105,
-1,002067.SZ,-1,101|102,105,
-1,002164.SZ,-1,101|102,105,
-1,002123.SZ,-1,101|102,105,
-1,002195.SZ,-1,101|102,105,
-1,002275.SZ,-1,101|102,105,
-1,002340.SZ,-1,101|102,105,
-1,000048.SZ,-1,101|102,105,
-1,000722.SZ,-1,101|102,105,
-1,000727.SZ,-1,101|102,105,
-1,000859.SZ,-1,101|102,105,
-1,002149.SZ,-1,101|102,105,
-1,002245.SZ,-1,101|102,105,
-1,002223.SZ,-1,101|102,105,
-1,002321.SZ,-1,101|102,105,
-1,002410.SZ,-1,101|102,105,
-1,002414.SZ,-1,101|102,105,
-1,002527.SZ,-1,101|102,105,
-1,002504.SZ,-1,101|102,105,
-1,002685.SZ,-1,101|102,105,
-1,002690.SZ,-1,101|102,105,
-1,002589.SZ,-1,101|102,105,
-1,002676.SZ,-1,101|102,105,
-1,002779.SZ,-1,101|102,105,
-1,002668.SZ,-1,101|102,105,
-1,002772.SZ,-1,101|102,105,
-1,002847.SZ,-1,101|102,105,
-1,002898.SZ,-1,101|102,105,
-1,002867.SZ,-1,101|102,105,
-1,002989.SZ,-1,101|102,105,
-1,300058.SZ,-1,101|102,105,
-1,300152.SZ,-1,101|102,105,
-1,300182.SZ,-1,101|102,105,
-1,002880.SZ,-1,101|102,105,
-1,003002.SZ,-1,101|102,105,
-1,300319.SZ,-1,101|102,105,
-1,300397.SZ,-1,101|102,105,
-1,300553.SZ,-1,101|102,105,
-1,300567.SZ,-1,101|102,105,
-1,300654.SZ,-1,101|102,105,
-1,300710.SZ,-1,101|102,105,
-1,300056.SZ,-1,101|102,105,
-1,300989.SZ,-1,101|102,105,
-1,300135.SZ,-1,101|102,105,
-1,301052.SZ,-1,101|102,105,
-1,301137.SZ,-1,101|102,105,
-1,301217.SZ,-1,101|102,105,
-1,301270.SZ,-1,101|102,105,
-1,301327.SZ,-1,101|102,105,
-1,300298.SZ,-1,101|102,105,
-1,300332.SZ,-1,101|102,105,
-1,300482.SZ,-1,101|102,105,
-1,300609.SZ,-1,101|102,105,
-1,300837.SZ,-1,101|102,105,
-1,300871.SZ,-1,101|102,105,
-1,300998.SZ,-1,101|102,105,
-1,301043.SZ,-1,101|102,105,
-1,301182.SZ,-1,101|102,105,
-1,301233.SZ,-1,101|102,105,
-1,301263.SZ,-1,101|102,105,
-1,000049.SZ,-1,101|102,105,
-1,000060.SZ,-1,101|102,105,
-1,000088.SZ,-1,101|102,105,
-1,000528.SZ,-1,101|102,105,
-1,000537.SZ,-1,101|102,105,
-1,000758.SZ,-1,101|102,105,
-1,000919.SZ,-1,101|102,105,
-1,002069.SZ,-1,101|102,105,
-1,002276.SZ,-1,101|102,105,
-1,002264.SZ,-1,101|102,105,
-1,000612.SZ,-1,101|102,105,
-1,000627.SZ,-1,101|102,105,
-1,000723.SZ,-1,101|102,105,
-1,000983.SZ,-1,101|102,105,
-1,002068.SZ,-1,101|102,105,
-1,002075.SZ,-1,101|102,105,
-1,002156.SZ,-1,101|102,105,
-1,002224.SZ,-1,101|102,105,
-1,002251.SZ,-1,101|102,105,
-1,002326.SZ,-1,101|102,105,
-1,002397.SZ,-1,101|102,105,
-1,002466.SZ,-1,101|102,105,
-1,002432.SZ,-1,101|102,105,
-1,002551.SZ,-1,101|102,105,
-1,002505.SZ,-1,101|102,105,
-1,002629.SZ,-1,101|102,105,
-1,002568.SZ,-1,101|102,105,
-1,002679.SZ,-1,101|102,105,
-1,002673.SZ,-1,101|102,105,
-1,002775.SZ,-1,101|102,105,
-1,002699.SZ,-1,101|102,105,
-1,002780.SZ,-1,101|102,105,
-1,002849.SZ,-1,101|102,105,
-1,002902.SZ,-1,101|102,105,
-1,002886.SZ,-1,101|102,105,
-1,003004.SZ,-1,101|102,105,
-1,002920.SZ,-1,101|102,105,
-1,003007.SZ,-1,101|102,105,
-1,300081.SZ,-1,101|102,105,
-1,300062.SZ,-1,101|102,105,
-1,300234.SZ,-1,101|102,105,
-1,300188.SZ,-1,101|102,105,
-1,300271.SZ,-1,101|102,105,
-1,300304.SZ,-1,101|102,105,
-1,300341.SZ,-1,101|102,105,
-1,300232.SZ,-1,101|102,105,
-1,300334.SZ,-1,101|102,105,
-1,300398.SZ,-1,101|102,105,
-1,300468.SZ,-1,101|102,105,
-1,300402.SZ,-1,101|102,105,
-1,300511.SZ,-1,101|102,105,
-1,300484.SZ,-1,101|102,105,
-1,300655.SZ,-1,101|102,105,
-1,300499.SZ,-1,101|102,105,
-1,300629.SZ,-1,101|102,105,
-1,300701.SZ,-1,101|102,105,
-1,300718.SZ,-1,101|102,105,
-1,300651.SZ,-1,101|102,105,
-1,300691.SZ,-1,101|102,105,
-1,300748.SZ,-1,101|102,105,
-1,300759.SZ,-1,101|102,105,
-1,300842.SZ,-1,101|102,105,
-1,300810.SZ,-1,101|102,105,
-1,300913.SZ,-1,101|102,105,
-1,300902.SZ,-1,101|102,105,
-1,300990.SZ,-1,101|102,105,
-1,301045.SZ,-1,101|102,105,
-1,301345.SZ,-1,101|102,105,
-1,301185.SZ,-1,101|102,105,
-1,000089.SZ,-1,101|102,105,
-1,000550.SZ,-1,101|102,105,
-1,000056.SZ,-1,101|102,105,
-1,000529.SZ,-1,101|102,105,
-1,000632.SZ,-1,101|102,105,
-1,000726.SZ,-1,101|102,105,
-1,000732.SZ,-1,101|102,105,
-1,000651.SZ,-1,101|102,105,
-1,000767.SZ,-1,101|102,105,
-1,000888.SZ,-1,101|102,105,
-1,001225.SZ,-1,101|102,105,
-1,001872.SZ,-1,101|102,105,
-1,002078.SZ,-1,101|102,105,
-1,001236.SZ,-1,101|102,105,
-1,002012.SZ,-1,101|102,105,
-1,002074.SZ,-1,101|102,105,
-1,002160.SZ,-1,101|102,105,
-1,002055.SZ,-1,101|102,105,
-1,002169.SZ,-1,101|102,105,
-1,002269.SZ,-1,101|102,105,
-1,002328.SZ,-1,101|102,105,
-1,002419.SZ,-1,101|102,105,
-1,002495.SZ,-1,101|102,105,
-1,002569.SZ,-1,101|102,105,
-1,002533.SZ,-1,101|102,105,
-1,002555.SZ,-1,101|102,105,
-1,002681.SZ,-1,101|102,105,
-1,002781.SZ,-1,101|102,105,
-1,002694.SZ,-1,101|102,105,
-1,002788.SZ,-1,101|102,105,
-1,002925.SZ,-1,101|102,105,
-1,003008.SZ,-1,101|102,105,
-1,002992.SZ,-1,101|102,105,
-1,300083.SZ,-1,101|102,105,
-1,300068.SZ,-1,101|102,105,
-1,300196.SZ,-1,101|102,105,
-1,300238.SZ,-1,101|102,105,
-1,300169.SZ,-1,101|102,105,
-1,300240.SZ,-1,101|102,105,
-1,300345.SZ,-1,101|102,105,
-1,300336.SZ,-1,101|102,105,
-1,300305.SZ,-1,101|102,105,
-1,300433.SZ,-1,101|102,105,
-1,300407.SZ,-1,101|102,105,
-1,300477.SZ,-1,101|102,105,
-1,300514.SZ,-1,101|102,105,
-1,300616.SZ,-1,101|102,105,
-1,300630.SZ,-1,101|102,105,
-1,300663.SZ,-1,101|102,105,
-1,300656.SZ,-1,101|102,105,
-1,300844.SZ,-1,101|102,105,
-1,300721.SZ,-1,101|102,105,
-1,300907.SZ,-1,101|102,105,
-1,300812.SZ,-1,101|102,105,
-1,301011.SZ,-1,101|102,105,
-1,301277.SZ,-1,101|102,105,
-1,301059.SZ,-1,101|102,105,
-1,301105.SZ,-1,101|102,105,
-1,000090.SZ,-1,101|102,105,
-1,000069.SZ,-1,101|102,105,
-1,000539.SZ,-1,101|102,105,
-1,000558.SZ,-1,101|102,105,
-1,000531.SZ,-1,101|102,105,
-1,000635.SZ,-1,101|102,105,
-1,000752.SZ,-1,101|102,105,
-1,000663.SZ,-1,101|102,105,
-1,000625.SZ,-1,101|102,105,
-1,000736.SZ,-1,101|102,105,
-1,000996.SZ,-1,101|102,105,
-1,000970.SZ,-1,101|102,105,
-1,001226.SZ,-1,101|102,105,
-1,002087.SZ,-1,101|102,105,
-1,002001.SZ,-1,101|102,105,
-1,002168.SZ,-1,101|102,105,
-1,002342.SZ,-1,101|102,105,
-1,002172.SZ,-1,101|102,105,
-1,002343.SZ,-1,101|102,105,
-1,002349.SZ,-1,101|102,105,
-1,002423.SZ,-1,101|102,105,
-1,002500.SZ,-1,101|102,105,
-1,002511.SZ,-1,101|102,105,
-1,002556.SZ,-1,101|102,105,
-1,002621.SZ,-1,101|102,105,
-1,002598.SZ,-1,101|102,105,
-1,002774.SZ,-1,101|102,105,
-1,002636.SZ,-1,101|102,105,
-1,002785.SZ,-1,101|102,105,
-1,002897.SZ,-1,101|102,105,
-1,002861.SZ,-1,101|102,105,
-1,002696.SZ,-1,101|102,105,
-1,002791.SZ,-1,101|102,105,
-1,002776.SZ,-1,101|102,105,
-1,003011.SZ,-1,101|102,105,
-1,002993.SZ,-1,101|102,105,
-1,002881.SZ,-1,101|102,105,
-1,300085.SZ,-1,101|102,105,
-1,300154.SZ,-1,101|102,105,
-1,300242.SZ,-1,101|102,105,
-1,300235.SZ,-1,101|102,105,
-1,300309.SZ,-1,101|102,105,
-1,300175.SZ,-1,101|102,105,
-1,300412.SZ,-1,101|102,105,
-1,300274.SZ,-1,101|102,105,
-1,300328.SZ,-1,101|102,105,
-1,300418.SZ,-1,101|102,105,
-1,300346.SZ,-1,101|102,105,
-1,300405.SZ,-1,101|102,105,
-1,300434.SZ,-1,101|102,105,
-1,300518.SZ,-1,101|102,105,
-1,300492.SZ,-1,101|102,105,
-1,300561.SZ,-1,101|102,105,
-1,300580.SZ,-1,101|102,105,
-1,300617.SZ,-1,101|102,105,
-1,300631.SZ,-1,101|102,105,
-1,300661.SZ,-1,101|102,105,
-1,300725.SZ,-1,101|102,105,
-1,300665.SZ,-1,101|102,105,
-1,300825.SZ,-1,101|102,105,
-1,300840.SZ,-1,101|102,105,
-1,300884.SZ,-1,101|102,105,
-1,300911.SZ,-1,101|102,105,
-1,300920.SZ,-1,101|102,105,
-1,301022.SZ,-1,101|102,105,
-1,301017.SZ,-1,101|102,105,
-1,301062.SZ,-1,101|102,105,
-1,301095.SZ,-1,101|102,105,
-1,301278.SZ,-1,101|102,105,
-1,301255.SZ,-1,101|102,105,
-1,000065.SZ,-1,101|102,105,
-1,000096.SZ,-1,101|102,105,
-1,000564.SZ,-1,101|102,105,
-1,000546.SZ,-1,101|102,105,
-1,000626.SZ,-1,101|102,105,
-1,000541.SZ,-1,101|102,105,
-1,000650.SZ,-1,101|102,105,
-1,000777.SZ,-1,101|102,105,
-1,000753.SZ,-1,101|102,105,
-1,001337.SZ,-1,101|102,105,
-1,002019.SZ,-1,101|102,105,
-1,002171.SZ,-1,101|102,105,
-1,002266.SZ,-1,101|102,105,
-1,002271.SZ,-1,101|102,105,
-1,002345.SZ,-1,101|102,105,
-1,002344.SZ,-1,101|102,105,
-1,002351.SZ,-1,101|102,105,
-1,002409.SZ,-1,101|102,105,
-1,002426.SZ,-1,101|102,105,
-1,002471.SZ,-1,101|102,105,
-1,002433.SZ,-1,101|102,105,
-1,002502.SZ,-1,101|102,105,
-1,002602.SZ,-1,101|102,105,
-1,002557.SZ,-1,101|102,105,
-1,002623.SZ,-1,101|102,105,
-1,002639.SZ,-1,101|102,105,
-1,002579.SZ,-1,101|102,105,
-1,002708.SZ,-1,101|102,105,
-1,002792.SZ,-1,101|102,105,
-1,002865.SZ,-1,101|102,105,
-1,002892.SZ,-1,101|102,105,
-1,002998.SZ,-1,101|102,105,
-1,300086.SZ,-1,101|102,105,
-1,300200.SZ,-1,101|102,105,
-1,300236.SZ,-1,101|102,105,
-1,300244.SZ,-1,101|102,105,
-1,300311.SZ,-1,101|102,105,
-1,300508.SZ,-1,101|102,105,
-1,300493.SZ,-1,101|102,105,
-1,300619.SZ,-1,101|102,105,
-1,300709.SZ,-1,101|102,105,
-1,300846.SZ,-1,101|102,105,
-1,300816.SZ,-1,101|102,105,
-1,300919.SZ,-1,101|102,105,
-1,300899.SZ,-1,101|102,105,
-1,301101.SZ,-1,101|102,105,
-1,300939.SZ,-1,101|102,105,
-1,300994.SZ,-1,101|102,105,
-1,301024.SZ,-1,101|102,105,
-1,300970.SZ,-1,101|102,105,
-1,301157.SZ,-1,101|102,105,
-1,301265.SZ,-1,101|102,105,
-1,301196.SZ,-1,101|102,105,
-1,301280.SZ,-1,101|102,105,
-1,301257.SZ,-1,101|102,105,
-1,301388.SZ,-1,101|102,105,
-1,600301.SH,-1,101|102,105,
-1,600400.SH,-1,101|102,105,
-1,601881.SH,-1,101|102,105,
-1,603009.SH,-1,101|102,105,
-1,688289.SH,-1,101|102,105,
-1,603230.SH,-1,101|102,105,
-1,600172.SH,-1,101|102,105,
-1,603956.SH,-1,101|102,105,
-1,605108.SH,-1,101|102,105,
-1,603909.SH,-1,101|102,105,
-1,688356.SH,-1,101|102,105,
-1,601866.SH,-1,101|102,105,
-1,600843.SH,-1,101|102,105,
-1,603150.SH,-1,101|102,105,
-1,600801.SH,-1,101|102,105,
-1,600338.SH,-1,101|102,105,
-1,600348.SH,-1,101|102,105,
-1,603136.SH,-1,101|102,105,
-1,600488.SH,-1,101|102,105,
-1,600056.SH,-1,101|102,105,
-1,603555.SH,-1,101|102,105,
-1,600575.SH,-1,101|102,105,
-1,603101.SH,-1,101|102,105,
-1,605007.SH,-1,101|102,105,
-1,603281.SH,-1,101|102,105,
-1,600746.SH,-1,101|102,105,
-1,600151.SH,-1,101|102,105,
-1,600601.SH,-1,101|102,105,
-1,601968.SH,-1,101|102,105,
-1,603630.SH,-1,101|102,105,
-1,603551.SH,-1,101|102,105,
-1,688550.SH,-1,101|102,105,
-1,600122.SH,-1,101|102,105,
-1,688291.SH,-1,101|102,105,
-1,600516.SH,-1,101|102,105,
-1,600477.SH,-1,101|102,105,
-1,601908.SH,-1,101|102,105,
-1,603518.SH,-1,101|102,105,
-1,603035.SH,-1,101|102,105,
-1,600968.SH,-1,101|102,105,
-1,600506.SH,-1,101|102,105,
-1,603968.SH,-1,101|102,105,
-1,603383.SH,-1,101|102,105,
-1,603813.SH,-1,101|102,105,
-1,688026.SH,-1,101|102,105,
-1,688093.SH,-1,101|102,105,
-1,688485.SH,-1,101|102,105,
-1,600182.SH,-1,101|102,105,
-1,600186.SH,-1,101|102,105,
-1,600268.SH,-1,101|102,105,
-1,601318.SH,-1,101|102,105,
-1,688076.SH,-1,101|102,105,
-1,603369.SH,-1,101|102,105,
-1,603608.SH,-1,101|102,105,
-1,688259.SH,-1,101|102,105,
-1,600508.SH,-1,101|102,105,
-1,600532.SH,-1,101|102,105,
-1,601808.SH,-1,101|102,105,
-1,600276.SH,-1,101|102,105,
-1,603803.SH,-1,101|102,105,
-1,688165.SH,-1,101|102,105,
-1,603331.SH,-1,101|102,105,
-1,688195.SH,-1,101|102,105,
-1,600210.SH,-1,101|102,105,
-1,600202.SH,-1,101|102,105,
-1,688229.SH,-1,101|102,105,
-1,688501.SH,-1,101|102,105,
-1,605180.SH,-1,101|102,105,
-1,600377.SH,-1,101|102,105,
-1,600520.SH,-1,101|102,105,
-1,600569.SH,-1,101|102,105,
-1,600622.SH,-1,101|102,105,
-1,601069.SH,-1,101|102,105,
-1,688055.SH,-1,101|102,105,
-1,603020.SH,-1,101|102,105,
-1,601990.SH,-1,101|102,105,
-1,600312.SH,-1,101|102,105,
-1,600798.SH,-1,101|102,105,
-1,603010.SH,-1,101|102,105,
-1,688299.SH,-1,101|102,105,
-1,603153.SH,-1,101|102,105,
-1,600468.SH,-1,101|102,105,
-1,601360.SH,-1,101|102,105,
-1,688216.SH,-1,101|102,105,
-1,603706.SH,-1,101|102,105,
-1,688338.SH,-1,101|102,105,
-1,600767.SH,-1,101|102,105,
-1,600106.SH,-1,101|102,105,
-1,603639.SH,-1,101|102,105,
-1,603286.SH,-1,101|102,105,
-1,688777.SH,-1,101|102,105,
-1,603267.SH,-1,101|102,105,
-1,688387.SH,-1,101|102,105,
-1,600132.SH,-1,101|102,105,
-1,601336.SH,-1,101|102,105,
-1,600315.SH,-1,101|102,105,
-1,600177.SH,-1,101|102,105,
-1,600163.SH,-1,101|102,105,
-1,600960.SH,-1,101|102,105,
-1,601519.SH,-1,101|102,105,
-1,603871.SH,-1,101|102,105,
-1,603359.SH,-1,101|102,105,
-1,688184.SH,-1,101|102,105,
-1,600019.SH,-1,101|102,105,
-1,600511.SH,-1,101|102,105,
-1,600395.SH,-1,101|102,105,
-1,600939.SH,-1,101|102,105,
-1,603716.SH,-1,101|102,105,
-1,600990.SH,-1,101|102,105,
-1,603429.SH,-1,101|102,105,
-1,603889.SH,-1,101|102,105,
-1,603220.SH,-1,101|102,105,
-1,603556.SH,-1,101|102,105,
-1,603896.SH,-1,101|102,105,
-1,603097.SH,-1,101|102,105,
-1,600007.SH,-1,101|102,105,
-1,600661.SH,-1,101|102,105,
-1,601198.SH,-1,101|102,105,
-1,603880.SH,-1,101|102,105,
-1,600123.SH,-1,101|102,105,
-1,600667.SH,-1,101|102,105,
-1,600692.SH,-1,101|102,105,
-1,600318.SH,-1,101|102,105,
-1,603089.SH,-1,101|102,105,
-1,601985.SH,-1,101|102,105,
-1,605020.SH,-1,101|102,105,
-1,600273.SH,-1,101|102,105,
-1,600871.SH,-1,101|102,105,
-1,601088.SH,-1,101|102,105,
-1,600665.SH,-1,101|102,105,
-1,601555.SH,-1,101|102,105,
-1,688619.SH,-1,101|102,105,
-1,603939.SH,-1,101|102,105,
-1,605365.SH,-1,101|102,105,
-1,603063.SH,-1,101|102,105,
-1,603080.SH,-1,101|102,105,
-1,601456.SH,-1,101|102,105,
-1,601279.SH,-1,101|102,105,
-1,600198.SH,-1,101|102,105,
-1,600367.SH,-1,101|102,105,
-1,688697.SH,-1,101|102,105,
-1,688336.SH,-1,101|102,105,
-1,603507.SH,-1,101|102,105,
-1,601702.SH,-1,101|102,105,
-1,600200.SH,-1,101|102,105,
-1,600217.SH,-1,101|102,105,
-1,601001.SH,-1,101|102,105,
-1,600598.SH,-1,101|102,105,
-1,600201.SH,-1,101|102,105,
-1,600285.SH,-1,101|102,105,
-1,688090.SH,-1,101|102,105,
-1,601611.SH,-1,101|102,105,
-1,688566.SH,-1,101|102,105,
-1,688295.SH,-1,101|102,105,
-1,600495.SH,-1,101|102,105,
-1,601118.SH,-1,101|102,105,
-1,603168.SH,-1,101|102,105,
-1,688038.SH,-1,101|102,105,
-1,603707.SH,-1,101|102,105,
-1,603568.SH,-1,101|102,105,
-1,605116.SH,-1,101|102,105,
-1,688439.SH,-1,101|102,105,
-1,688373.SH,-1,101|102,105,
-1,600307.SH,-1,101|102,105,
-1,600963.SH,-1,101|102,105,
-1,603895.SH,-1,101|102,105,
-1,603903.SH,-1,101|102,105,
-1,605162.SH,-1,101|102,105,
-1,688173.SH,-1,101|102,105,
-1,688172.SH,-1,101|102,105,
-1,600051.SH,-1,101|102,105,
-1,688616.SH,-1,101|102,105,
-1,688012.SH,-1,101|102,105,
-1,603229.SH,-1,101|102,105,
-1,603730.SH,-1,101|102,105,
-1,603815.SH,-1,101|102,105,
-1,605222.SH,-1,101|102,105,
-1,600819.SH,-1,101|102,105,
-1,600965.SH,-1,101|102,105,
-1,600660.SH,-1,101|102,105,
-1,603186.SH,-1,101|102,105,
-1,600903.SH,-1,101|102,105,
-1,600095.SH,-1,101|102,105,
-1,600112.SH,-1,101|102,105,
-1,605090.SH,-1,101|102,105,
-1,688698.SH,-1,101|102,105,
-1,688707.SH,-1,101|102,105,
-1,688238.SH,-1,101|102,105,
-1,600481.SH,-1,101|102,105,
-1,600083.SH,-1,101|102,105,
-1,600590.SH,-1,101|102,105,
-1,600078.SH,-1,101|102,105,
-1,603127.SH,-1,101|102,105,
-1,601168.SH,-1,101|102,105,
-1,600809.SH,-1,101|102,105,
-1,600688.SH,-1,101|102,105,
-1,601599.SH,-1,101|102,105,
-1,688257.SH,-1,101|102,105,
-1,603073.SH,-1,101|102,105,
-1,600675.SH,-1,101|102,105,
-1,600838.SH,-1,101|102,105,
-1,600097.SH,-1,101|102,105,
-1,601579.SH,-1,101|102,105,
-1,603586.SH,-1,101|102,105,
-1,688208.SH,-1,101|102,105,
-1,603176.SH,-1,101|102,105,
-1,603151.SH,-1,101|102,105,
-1,688317.SH,-1,101|102,105,
-1,600864.SH,-1,101|102,105,
-1,601009.SH,-1,101|102,105,
-1,601800.SH,-1,101|102,105,
-1,605118.SH,-1,101|102,105,
-1,600171.SH,-1,101|102,105,
-1,600981.SH,-1,101|102,105,
-1,603611.SH,-1,101|102,105,
-1,600928.SH,-1,101|102,105,
-1,603898.SH,-1,101|102,105,
-1,600167.SH,-1,101|102,105,
-1,600088.SH,-1,101|102,105,
-1,600383.SH,-1,101|102,105,
-1,600733.SH,-1,101|102,105,
-1,603683.SH,-1,101|102,105,
-1,600292.SH,-1,101|102,105,
-1,600378.SH,-1,101|102,105,
-1,600844.SH,-1,101|102,105,
-1,600717.SH,-1,101|102,105,
-1,688678.SH,-1,101|102,105,
-1,688685.SH,-1,101|102,105,
-1,688110.SH,-1,101|102,105,
-1,688233.SH,-1,101|102,105,
-1,600178.SH,-1,101|102,105,
-1,600335.SH,-1,101|102,105,
-1,600706.SH,-1,101|102,105,
-1,603601.SH,-1,101|102,105,
-1,603599.SH,-1,101|102,105,
-1,688551.SH,-1,101|102,105,
-1,600157.SH,-1,101|102,105,
-1,600505.SH,-1,101|102,105,
-1,600866.SH,-1,101|102,105,
-1,600526.SH,-1,101|102,105,
-1,603000.SH,-1,101|102,105,
-1,600678.SH,-1,101|102,105,
-1,600028.SH,-1,101|102,105,
-1,601668.SH,-1,101|102,105,
-1,603300.SH,-1,101|102,105,
-1,603393.SH,-1,101|102,105,
-1,600996.SH,-1,101|102,105,
-1,688298.SH,-1,101|102,105,
-1,605058.SH,-1,101|102,105,
-1,688296.SH,-1,101|102,105,
-1,600527.SH,-1,101|102,105,
-1,601021.SH,-1,101|102,105,
-1,603776.SH,-1,101|102,105,
-1,600345.SH,-1,101|102,105,
-1,600735.SH,-1,101|102,105,
-1,603021.SH,-1,101|102,105,
-1,603013.SH,-1,101|102,105,
-1,688630.SH,-1,101|102,105,
-1,688722.SH,-1,101|102,105,
-1,601601.SH,-1,101|102,105,
-1,603606.SH,-1,101|102,105,
-1,600117.SH,-1,101|102,105,
-1,600052.SH,-1,101|102,105,
-1,600683.SH,-1,101|102,105,
-1,600502.SH,-1,101|102,105,
-1,603977.SH,-1,101|102,105,
-1,688109.SH,-1,101|102,105,
-1,600297.SH,-1,101|102,105,
-1,601398.SH,-1,101|102,105,
-1,688053.SH,-1,101|102,105,
-1,600548.SH,-1,101|102,105,
-1,605128.SH,-1,101|102,105,
-1,688800.SH,-1,101|102,105,
-1,603500.SH,-1,101|102,105,
-1,605066.SH,-1,101|102,105,
-1,688227.SH,-1,101|102,105,
-1,600328.SH,-1,101|102,105,
-1,601000.SH,-1,101|102,105,
-1,688255.SH,-1,101|102,105,
-1,688379.SH,-1,101|102,105,
-1,603916.SH,-1,101|102,105,
-1,605398.SH,-1,101|102,105,
-1,600538.SH,-1,101|102,105,
-1,688139.SH,-1,101|102,105,
-1,603798.SH,-1,101|102,105,
-1,600909.SH,-1,101|102,105,
-1,603882.SH,-1,101|102,105,
-1,601860.SH,-1,101|102,105,
-1,688292.SH,-1,101|102,105,
-1,600096.SH,-1,101|102,105,
-1,600693.SH,-1,101|102,105,
-1,603980.SH,-1,101|102,105,
-1,688128.SH,-1,101|102,105,
-1,688314.SH,-1,101|102,105,
-1,600419.SH,-1,101|102,105,
-1,600929.SH,-1,101|102,105,
-1,603605.SH,-1,101|102,105,
-1,603308.SH,-1,101|102,105,
-1,603819.SH,-1,101|102,105,
-1,600266.SH,-1,101|102,105,
-1,600710.SH,-1,101|102,105,
-1,603173.SH,-1,101|102,105,
-1,605089.SH,-1,101|102,105,
-1,603906.SH,-1,101|102,105,
-1,688071.SH,-1,101|102,105,
-1,601718.SH,-1,101|102,105,
-1,600648.SH,-1,101|102,105,
-1,600594.SH,-1,101|102,105,
-1,600645.SH,-1,101|102,105,
-1,603519.SH,-1,101|102,105,
-1,601606.SH,-1,101|102,105,
-1,688286.SH,-1,101|102,105,
-1,600770.SH,-1,101|102,105,
-1,600848.SH,-1,101|102,105,
-1,600962.SH,-1,101|102,105,
-1,601869.SH,-1,101|102,105,
-1,603729.SH,-1,101|102,105,
-1,605008.SH,-1,101|102,105,
-1,603216.SH,-1,101|102,105,
-1,601089.SH,-1,101|102,105,
-1,600281.SH,-1,101|102,105,
-1,600703.SH,-1,101|102,105,
-1,603266.SH,-1,101|102,105,
-1,688312.SH,-1,101|102,105,
-1,600826.SH,-1,101|102,105,
-1,603023.SH,-1,101|102,105,
-1,688728.SH,-1,101|102,105,
-1,603277.SH,-1,101|102,105,
-1,605028.SH,-1,101|102,105,
-1,688273.SH,-1,101|102,105,
-1,600685.SH,-1,101|102,105,
-1,600066.SH,-1,101|102,105,
-1,603817.SH,-1,101|102,105,
-1,688007.SH,-1,101|102,105,
-1,688609.SH,-1,101|102,105,
-1,600760.SH,-1,101|102,105,
-1,600731.SH,-1,101|102,105,
-1,601066.SH,-1,101|102,105,
-1,603178.SH,-1,101|102,105,
-1,605001.SH,-1,101|102,105,
-1,603026.SH,-1,101|102,105,
-1,601515.SH,-1,101|102,105,
-1,603111.SH,-1,101|102,105,
-1,603893.SH,-1,101|102,105,
-1,600588.SH,-1,101|102,105,
-1,600101.SH,-1,101|102,105,
-1,600853.SH,-1,101|102,105,
-1,601858.SH,-1,101|102,105,
-1,603876.SH,-1,101|102,105,
-1,603486.SH,-1,101|102,105,
-1,605399.SH,-1,101|102,105,
-1,601058.SH,-1,101|102,105,
-1,603508.SH,-1,101|102,105,
-1,605033.SH,-1,101|102,105,
-1,600499.SH,-1,101|102,105,
-1,600058.SH,-1,101|102,105,
-1,600462.SH,-1,101|102,105,
-1,600827.SH,-1,101|102,105,
-1,601188.SH,-1,101|102,105,
-1,603078.SH,-1,101|102,105,
-1,600423.SH,-1,101|102,105,
-1,601989.SH,-1,101|102,105,
-1,600362.SH,-1,101|102,105,
-1,688037.SH,-1,101|102,105,
-1,688067.SH,-1,101|102,105,
-1,603703.SH,-1,101|102,105,
-1,605366.SH,-1,101|102,105,
-1,600905.SH,-1,101|102,105,
-1,688262.SH,-1,101|102,105,
-1,600012.SH,-1,101|102,105,
-1,601872.SH,-1,101|102,105,
-1,600228.SH,-1,101|102,105,
-1,600467.SH,-1,101|102,105,
-1,603019.SH,-1,101|102,105,
-1,688106.SH,-1,101|102,105,
-1,600196.SH,-1,101|102,105,
-1,600234.SH,-1,101|102,105,
-1,688101.SH,-1,101|102,105,
-1,600765.SH,-1,101|102,105,
-1,600743.SH,-1,101|102,105,
-1,600676.SH,-1,101|102,105,
-1,600475.SH,-1,101|102,105,
-1,603618.SH,-1,101|102,105,
-1,603987.SH,-1,101|102,105,
-1,605319.SH,-1,101|102,105,
-1,600420.SH,-1,101|102,105,
-1,600626.SH,-1,101|102,105,
-1,601018.SH,-1,101|102,105,
-1,600062.SH,-1,101|102,105,
-1,600269.SH,-1,101|102,105,
-1,600666.SH,-1,101|102,105,
-1,688488.SH,-1,101|102,105,
-1,688529.SH,-1,101|102,105,
-1,603713.SH,-1,101|102,105,
-1,600522.SH,-1,101|102,105,
-1,600628.SH,-1,101|102,105,
-1,688211.SH,-1,101|102,105,
-1,603319.SH,-1,101|102,105,
-1,688202.SH,-1,101|102,105,
-1,605158.SH,-1,101|102,105,
-1,688167.SH,-1,101|102,105,
-1,603170.SH,-1,101|102,105,
-1,600239.SH,-1,101|102,105,
-1,600780.SH,-1,101|102,105,
-1,601028.SH,-1,101|102,105,
-1,600795.SH,-1,101|102,105,
-1,600556.SH,-1,101|102,105,
-1,603321.SH,-1,101|102,105,
-1,605099.SH,-1,101|102,105,
-1,600031.SH,-1,101|102,105,
-1,688001.SH,-1,101|102,105,
-1,600018.SH,-1,101|102,105,
-1,600326.SH,-1,101|102,105,
-1,601186.SH,-1,101|102,105,
-1,605198.SH,-1,101|102,105,
-1,603330.SH,-1,101|102,105,
-1,603933.SH,-1,101|102,105,
-1,601828.SH,-1,101|102,105,
-1,688285.SH,-1,101|102,105,
-1,600817.SH,-1,101|102,105,
-1,603303.SH,-1,101|102,105,
-1,603100.SH,-1,101|102,105,
-1,603316.SH,-1,101|102,105,
-1,605228.SH,-1,101|102,105,
-1,600061.SH,-1,101|102,105,
-1,600679.SH,-1,101|102,105,
-1,600161.SH,-1,101|102,105,
-1,600576.SH,-1,101|102,105,
-1,603861.SH,-1,101|102,105,
-1,603648.SH,-1,101|102,105,
-1,688115.SH,-1,101|102,105,
-1,600500.SH,-1,101|102,105,
-1,600654.SH,-1,101|102,105,
-1,600742.SH,-1,101|102,105,
-1,600986.SH,-1,101|102,105,
-1,603959.SH,-1,101|102,105,
-1,688683.SH,-1,101|102,105,
-1,603191.SH,-1,101|102,105,
-1,600325.SH,-1,101|102,105,
-1,688510.SH,-1,101|102,105,
-1,603822.SH,-1,101|102,105,
-1,688063.SH,-1,101|102,105,
-1,605168.SH,-1,101|102,105,
-1,688046.SH,-1,101|102,105,
-1,600158.SH,-1,101|102,105,
-1,600387.SH,-1,101|102,105,
-1,600851.SH,-1,101|102,105,
-1,603011.SH,-1,101|102,105,
-1,603757.SH,-1,101|102,105,
-1,601877.SH,-1,101|102,105,
-1,600618.SH,-1,101|102,105,
-1,600316.SH,-1,101|102,105,
-1,600063.SH,-1,101|102,105,
-1,600289.SH,-1,101|102,105,
-1,600593.SH,-1,101|102,105,
-1,600697.SH,-1,101|102,105,
-1,603908.SH,-1,101|102,105,
-1,601963.SH,-1,101|102,105,
-1,603192.SH,-1,101|102,105,
-1,688358.SH,-1,101|102,105,
-1,688408.SH,-1,101|102,105,
-1,600403.SH,-1,101|102,105,
-1,600071.SH,-1,101|102,105,
-1,600322.SH,-1,101|102,105,
-1,603661.SH,-1,101|102,105,
-1,600694.SH,-1,101|102,105,
-1,600836.SH,-1,101|102,105,
-1,601107.SH,-1,101|102,105,
-1,603169.SH,-1,101|102,105,
-1,688013.SH,-1,101|102,105,
-1,688381.SH,-1,101|102,105,
-1,600880.SH,-1,101|102,105,
-1,603969.SH,-1,101|102,105,
-1,688297.SH,-1,101|102,105,
-1,600753.SH,-1,101|102,105,
-1,600764.SH,-1,101|102,105,
-1,600125.SH,-1,101|102,105,
-1,600552.SH,-1,101|102,105,
-1,600917.SH,-1,101|102,105,
-1,603189.SH,-1,101|102,105,
-1,603585.SH,-1,101|102,105,
-1,603380.SH,-1,101|102,105,
-1,603856.SH,-1,101|102,105,
-1,605177.SH,-1,101|102,105,
-1,600470.SH,-1,101|102,105,
-1,600257.SH,-1,101|102,105,
-1,601900.SH,-1,101|102,105,
-1,688353.SH,-1,101|102,105,
-1,605305.SH,-1,101|102,105,
-1,688625.SH,-1,101|102,105,
-1,600446.SH,-1,101|102,105,
-1,600213.SH,-1,101|102,105,
-1,601288.SH,-1,101|102,105,
-1,601231.SH,-1,101|102,105,
-1,603222.SH,-1,101|102,105,
-1,688321.SH,-1,101|102,105,
-1,605151.SH,-1,101|102,105,
-1,688779.SH,-1,101|102,105,
-1,688522.SH,-1,101|102,105,
-1,600050.SH,-1,101|102,105,
-1,600237.SH,-1,101|102,105,
-1,600615.SH,-1,101|102,105,
-1,603041.SH,-1,101|102,105,
-1,688219.SH,-1,101|102,105,
-1,688700.SH,-1,101|102,105,
-1,603197.SH,-1,101|102,105,
-1,605169.SH,-1,101|102,105,
-1,603681.SH,-1,101|102,105,
-1,600141.SH,-1,101|102,105,
-1,600152.SH,-1,101|102,105,
-1,600208.SH,-1,101|102,105,
-1,600775.SH,-1,101|102,105,
-1,601929.SH,-1,101|102,105,
-1,603797.SH,-1,101|102,105,
-1,605208.SH,-1,101|102,105,
-1,603613.SH,-1,101|102,105,
-1,600956.SH,-1,101|102,105,
-1,688659.SH,-1,101|102,105,
-1,600808.SH,-1,101|102,105,
-1,600271.SH,-1,101|102,105,
-1,600469.SH,-1,101|102,105,
-1,600323.SH,-1,101|102,105,
-1,605133.SH,-1,101|102,105,
-1,603379.SH,-1,101|102,105,
-1,601933.SH,-1,101|102,105,
-1,600038.SH,-1,101|102,105,
-1,603116.SH,-1,101|102,105,
-1,603196.SH,-1,101|102,105,
-1,603533.SH,-1,101|102,105,
-1,688718.SH,-1,101|102,105,
-1,601022.SH,-1,101|102,105,
-1,600519.SH,-1,101|102,105,
-1,600455.SH,-1,101|102,105,
-1,600740.SH,-1,101|102,105,
-1,601890.SH,-1,101|102,105,
-1,603133.SH,-1,101|102,105,
-1,600023.SH,-1,101|102,105,
-1,688388.SH,-1,101|102,105,
-1,603105.SH,-1,101|102,105,
-1,688556.SH,-1,101|102,105,
-1,688655.SH,-1,101|102,105,
-1,600935.SH,-1,101|102,105,
-1,600486.SH,-1,101|102,105,
-1,600243.SH,-1,101|102,105,
-1,603421.SH,-1,101|102,105,
-1,603040.SH,-1,101|102,105,
-1,601827.SH,-1,101|102,105,
-1,601008.SH,-1,101|102,105,
-1,601901.SH,-1,101|102,105,
-1,603787.SH,-1,101|102,105,
-1,603530.SH,-1,101|102,105,
-1,600863.SH,-1,101|102,105,
-1,600796.SH,-1,101|102,105,
-1,600059.SH,-1,101|102,105,
-1,601005.SH,-1,101|102,105,
-1,600337.SH,-1,101|102,105,
-1,603006.SH,-1,101|102,105,
-1,603569.SH,-1,101|102,105,
-1,600380.SH,-1,101|102,105,
-1,600361.SH,-1,101|102,105,
-1,603131.SH,-1,101|102,105,
-1,688518.SH,-1,101|102,105,
-1,688272.SH,-1,101|102,105,
-1,601766.SH,-1,101|102,105,
-1,600418.SH,-1,101|102,105,
-1,600048.SH,-1,101|102,105,
-1,600256.SH,-1,101|102,105,
-1,603967.SH,-1,101|102,105,
-1,688380.SH,-1,101|102,105,
-1,600673.SH,-1,101|102,105,
-1,600558.SH,-1,101|102,105,
-1,601238.SH,-1,101|102,105,
-1,603699.SH,-1,101|102,105,
-1,605500.SH,-1,101|102,105,
-1,603881.SH,-1,101|102,105,
-1,601068.SH,-1,101|102,105,
-1,600535.SH,-1,101|102,105,
-1,600630.SH,-1,101|102,105,
-1,600238.SH,-1,101|102,105,
-1,600689.SH,-1,101|102,105,
-1,601678.SH,-1,101|102,105,
-1,603070.SH,-1,101|102,105,
-1,603282.SH,-1,101|102,105,
-1,601628.SH,-1,101|102,105,
-1,600449.SH,-1,101|102,105,
-1,603810.SH,-1,101|102,105,
-1,603456.SH,-1,101|102,105,
-1,603577.SH,-1,101|102,105,
-1,603278.SH,-1,101|102,105,
-1,603190.SH,-1,101|102,105,
-1,600111.SH,-1,101|102,105,
-1,600219.SH,-1,101|102,105,
-1,600617.SH,-1,101|102,105,
-1,603366.SH,-1,101|102,105,
-1,603527.SH,-1,101|102,105,
-1,600283.SH,-1,101|102,105,
-1,600885.SH,-1,101|102,105,
-1,600682.SH,-1,101|102,105,
-1,688126.SH,-1,101|102,105,
-1,688158.SH,-1,101|102,105,
-1,603978.SH,-1,101|102,105,
-1,600262.SH,-1,101|102,105,
-1,600551.SH,-1,101|102,105,
-1,603005.SH,-1,101|102,105,
-1,603863.SH,-1,101|102,105,
-1,688182.SH,-1,101|102,105,
-1,603839.SH,-1,101|102,105,
-1,600730.SH,-1,101|102,105,
-1,600230.SH,-1,101|102,105,
-1,600699.SH,-1,101|102,105,
-1,600037.SH,-1,101|102,105,
-1,603986.SH,-1,101|102,105,
-1,603949.SH,-1,101|102,105,
-1,601568.SH,-1,101|102,105,
-1,600671.SH,-1,101|102,105,
-1,600696.SH,-1,101|102,105,
-1,688003.SH,-1,101|102,105,
-1,600183.SH,-1,101|102,105,
-1,600987.SH,-1,101|102,105,
-1,600745.SH,-1,101|102,105,
-1,601838.SH,-1,101|102,105,
-1,603016.SH,-1,101|102,105,
-1,600458.SH,-1,101|102,105,
-1,600386.SH,-1,101|102,105,
-1,601199.SH,-1,101|102,105,
-1,603399.SH,-1,101|102,105,
-1,603528.SH,-1,101|102,105,
-1,603777.SH,-1,101|102,105,
-1,603228.SH,-1,101|102,105,
-1,605068.SH,-1,101|102,105,
-1,600989.SH,-1,101|102,105,
-1,603353.SH,-1,101|102,105,
-1,688308.SH,-1,101|102,105,
-1,605589.SH,-1,101|102,105,
-1,688515.SH,-1,101|102,105,
-1,600306.SH,-1,101|102,105,
-1,603099.SH,-1,101|102,105,
-1,603223.SH,-1,101|102,105,
-1,601086.SH,-1,101|102,105,
-1,688511.SH,-1,101|102,105,
-1,603307.SH,-1,101|102,105,
-1,600393.SH,-1,101|102,105,
-1,603052.SH,-1,101|102,105,
-1,600771.SH,-1,101|102,105,
-1,600150.SH,-1,101|102,105,
-1,601886.SH,-1,101|102,105,
-1,605300.SH,-1,101|102,105,
-1,603615.SH,-1,101|102,105,
-1,688599.SH,-1,101|102,105,
-1,600354.SH,-1,101|102,105,
-1,600979.SH,-1,101|102,105,
-1,603998.SH,-1,101|102,105,
-1,605178.SH,-1,101|102,105,
-1,603727.SH,-1,101|102,105,
-1,688663.SH,-1,101|102,105,
-1,600521.SH,-1,101|102,105,
-1,600749.SH,-1,101|102,105,
-1,600390.SH,-1,101|102,105,
-1,600834.SH,-1,101|102,105,
-1,600663.SH,-1,101|102,105,
-1,603768.SH,-1,101|102,105,
-1,603355.SH,-1,101|102,105,
-1,688367.SH,-1,101|102,105,
-1,601988.SH,-1,101|102,105,
-1,601229.SH,-1,101|102,105,
-1,603662.SH,-1,101|102,105,
-1,600988.SH,-1,101|102,105,
-1,688553.SH,-1,101|102,105,
-1,603363.SH,-1,101|102,105,
-1,688087.SH,-1,101|102,105,
-1,688416.SH,-1,101|102,105,
-1,603280.SH,-1,101|102,105,
-1,600546.SH,-1,101|102,105,
-1,600966.SH,-1,101|102,105,
-1,603001.SH,-1,101|102,105,
-1,601966.SH,-1,101|102,105,
-1,600339.SH,-1,101|102,105,
-1,600657.SH,-1,101|102,105,
-1,600415.SH,-1,101|102,105,
-1,688006.SH,-1,101|102,105,
-1,600525.SH,-1,101|102,105,
-1,601999.SH,-1,101|102,105,
-1,600821.SH,-1,101|102,105,
-1,600258.SH,-1,101|102,105,
-1,603697.SH,-1,101|102,105,
-1,600076.SH,-1,101|102,105,
-1,600149.SH,-1,101|102,105,
-1,603808.SH,-1,101|102,105,
-1,605298.SH,-1,101|102,105,
-1,601997.SH,-1,101|102,105,
-1,605011.SH,-1,101|102,105,
-1,600180.SH,-1,101|102,105,
-1,600995.SH,-1,101|102,105,
-1,600846.SH,-1,101|102,105,
-1,603773.SH,-1,101|102,105,
-1,605086.SH,-1,101|102,105,
-1,603619.SH,-1,101|102,105,
-1,601330.SH,-1,101|102,105,
-1,688215.SH,-1,101|102,105,
-1,688203.SH,-1,101|102,105,
-1,688061.SH,-1,101|102,105,
-1,600898.SH,-1,101|102,105,
-1,600389.SH,-1,101|102,105,
-1,601012.SH,-1,101|102,105,
-1,600958.SH,-1,101|102,105,
-1,688699.SH,-1,101|102,105,
-1,603109.SH,-1,101|102,105,
-1,688168.SH,-1,101|102,105,
-1,605599.SH,-1,101|102,105,
-1,600026.SH,-1,101|102,105,
-1,600098.SH,-1,101|102,105,
-1,601992.SH,-1,101|102,105,
-1,603766.SH,-1,101|102,105,
-1,688500.SH,-1,101|102,105,
-1,603090.SH,-1,101|102,105,
-1,603367.SH,-1,101|102,105,
-1,688084.SH,-1,101|102,105,
-1,600773.SH,-1,101|102,105,
-1,600261.SH,-1,101|102,105,
-1,600382.SH,-1,101|102,105,
-1,688327.SH,-1,101|102,105,
-1,600668.SH,-1,101|102,105,
-1,600823.SH,-1,101|102,105,
-1,600332.SH,-1,101|102,105,
-1,603317.SH,-1,101|102,105,
-1,688613.SH,-1,101|102,105,
-1,600791.SH,-1,101|102,105,
-1,600707.SH,-1,101|102,105,
-1,603045.SH,-1,101|102,105,
-1,688689.SH,-1,101|102,105,
-1,603085.SH,-1,101|102,105,
-1,603682.SH,-1,101|102,105,
-1,603628.SH,-1,101|102,105,
-1,603937.SH,-1,101|102,105,
-1,688132.SH,-1,101|102,105,
-1,600107.SH,-1,101|102,105,
-1,600313.SH,-1,101|102,105,
-1,603767.SH,-1,101|102,105,
-1,603396.SH,-1,101|102,105,
-1,688778.SH,-1,101|102,105,
-1,688209.SH,-1,101|102,105,
-1,601998.SH,-1,101|102,105,
-1,601228.SH,-1,101|102,105,
-1,601949.SH,-1,101|102,105,
-1,600293.SH,-1,101|102,105,
-1,600578.SH,-1,101|102,105,
-1,605369.SH,-1,101|102,105,
-1,601665.SH,-1,101|102,105,
-1,605138.SH,-1,101|102,105,
-1,601399.SH,-1,101|102,105,
-1,600971.SH,-1,101|102,105,
-1,600360.SH,-1,101|102,105,
-1,600889.SH,-1,101|102,105,
-1,688355.SH,-1,101|102,105,
-1,600439.SH,-1,101|102,105,
-1,600080.SH,-1,101|102,105,
-1,600684.SH,-1,101|102,105,
-1,601011.SH,-1,101|102,105,
-1,601995.SH,-1,101|102,105,
-1,688181.SH,-1,101|102,105,
-1,600137.SH,-1,101|102,105,
-1,600975.SH,-1,101|102,105,
-1,603588.SH,-1,101|102,105,
-1,603048.SH,-1,101|102,105,
-1,603633.SH,-1,101|102,105,
-1,688260.SH,-1,101|102,105,
-1,600545.SH,-1,101|102,105,
-1,600868.SH,-1,101|102,105,
-1,601139.SH,-1,101|102,105,
-1,603477.SH,-1,101|102,105,
-1,603103.SH,-1,101|102,105,
-1,688021.SH,-1,101|102,105,
-1,688330.SH,-1,101|102,105,
-1,600804.SH,-1,101|102,105,
-1,600636.SH,-1,101|102,105,
-1,600726.SH,-1,101|102,105,
-1,601233.SH,-1,101|102,105,
-1,603269.SH,-1,101|102,105,
-1,603789.SH,-1,101|102,105,
-1,600231.SH,-1,101|102,105,
-1,600653.SH,-1,101|102,105,
-1,600543.SH,-1,101|102,105,
-1,600452.SH,-1,101|102,105,
-1,688111.SH,-1,101|102,105,
-1,603988.SH,-1,101|102,105,
-1,603800.SH,-1,101|102,105,
-1,603029.SH,-1,101|102,105,
-1,603212.SH,-1,101|102,105,
-1,605299.SH,-1,101|102,105,
-1,600127.SH,-1,101|102,105,
-1,600744.SH,-1,101|102,105,
-1,600781.SH,-1,101|102,105,
-1,600609.SH,-1,101|102,105,
-1,603515.SH,-1,101|102,105,
-1,605358.SH,-1,101|102,105,
-1,603165.SH,-1,101|102,105,
-1,600711.SH,-1,101|102,105,
-1,600483.SH,-1,101|102,105,
-1,600862.SH,-1,101|102,105,
-1,603678.SH,-1,101|102,105,
-1,600959.SH,-1,101|102,105,
-1,600016.SH,-1,101|102,105,
-1,600330.SH,-1,101|102,105,
-1,600371.SH,-1,101|102,105,
-1,600129.SH,-1,101|102,105,
-1,601177.SH,-1,101|102,105,
-1,603869.SH,-1,101|102,105,
-1,603161.SH,-1,101|102,105,
-1,688362.SH,-1,101|102,105,
-1,600104.SH,-1,101|102,105,
-1,600176.SH,-1,101|102,105,
-1,600476.SH,-1,101|102,105,
-1,600854.SH,-1,101|102,105,
-1,600067.SH,-1,101|102,105,
-1,601619.SH,-1,101|102,105,
-1,688148.SH,-1,101|102,105,
-1,600376.SH,-1,101|102,105,
-1,600536.SH,-1,101|102,105,
-1,600580.SH,-1,101|102,105,
-1,603333.SH,-1,101|102,105,
-1,601225.SH,-1,101|102,105,
-1,603828.SH,-1,101|102,105,
-1,601155.SH,-1,101|102,105,
-1,688230.SH,-1,101|102,105,
-1,688251.SH,-1,101|102,105,
-1,600168.SH,-1,101|102,105,
-1,600496.SH,-1,101|102,105,
-1,600623.SH,-1,101|102,105,
-1,601258.SH,-1,101|102,105,
-1,603038.SH,-1,101|102,105,
-1,603083.SH,-1,101|102,105,
-1,600650.SH,-1,101|102,105,
-1,600327.SH,-1,101|102,105,
-1,603306.SH,-1,101|102,105,
-1,601128.SH,-1,101|102,105,
-1,603335.SH,-1,101|102,105,
-1,601865.SH,-1,101|102,105,
-1,600280.SH,-1,101|102,105,
-1,600392.SH,-1,101|102,105,
-1,601333.SH,-1,101|102,105,
-1,600032.SH,-1,101|102,105,
-1,601368.SH,-1,101|102,105,
-1,605389.SH,-1,101|102,105,
-1,603336.SH,-1,101|102,105,
-1,688081.SH,-1,101|102,105,
-1,600624.SH,-1,101|102,105,
-1,600021.SH,-1,101|102,105,
-1,603389.SH,-1,101|102,105,
-1,603583.SH,-1,101|102,105,
-1,603755.SH,-1,101|102,105,
-1,603087.SH,-1,101|102,105,
-1,688162.SH,-1,101|102,105,
-1,600211.SH,-1,101|102,105,
-1,688049.SH,-1,101|102,105,
-1,600867.SH,-1,101|102,105,
-1,600302.SH,-1,101|102,105,
-1,600816.SH,-1,101|102,105,
-1,600879.SH,-1,101|102,105,
-1,601002.SH,-1,101|102,105,
-1,600872.SH,-1,101|102,105,
-1,605218.SH,-1,101|102,105,
-1,688220.SH,-1,101|102,105,
-1,688419.SH,-1,101|102,105,
-1,600818.SH,-1,101|102,105,
-1,600435.SH,-1,101|102,105,
-1,600882.SH,-1,101|102,105,
-1,601101.SH,-1,101|102,105,
-1,603217.SH,-1,101|102,105,
-1,600379.SH,-1,101|102,105,
-1,600603.SH,-1,101|102,105,
-1,600589.SH,-1,101|102,105,
-1,600790.SH,-1,101|102,105,
-1,600352.SH,-1,101|102,105,
-1,601226.SH,-1,101|102,105,
-1,603879.SH,-1,101|102,105,
-1,600173.SH,-1,101|102,105,
-1,600860.SH,-1,101|102,105,
-1,600619.SH,-1,101|102,105,
-1,603037.SH,-1,101|102,105,
-1,603236.SH,-1,101|102,105,
-1,688682.SH,-1,101|102,105,
-1,601162.SH,-1,101|102,105,
-1,600560.SH,-1,101|102,105,
-1,603057.SH,-1,101|102,105,
-1,600507.SH,-1,101|102,105,
-1,600027.SH,-1,101|102,105,
-1,601319.SH,-1,101|102,105,
-1,603836.SH,-1,101|102,105,
-1,603239.SH,-1,101|102,105,
-1,603809.SH,-1,101|102,105,
-1,600491.SH,-1,101|102,105,
-1,600976.SH,-1,101|102,105,
-1,600340.SH,-1,101|102,105,
-1,600444.SH,-1,101|102,105,
-1,603022.SH,-1,101|102,105,
-1,603708.SH,-1,101|102,105,
-1,605287.SH,-1,101|102,105,
-1,600242.SH,-1,101|102,105,
-1,600662.SH,-1,101|102,105,
-1,600724.SH,-1,101|102,105,
-1,601595.SH,-1,101|102,105,
-1,603668.SH,-1,101|102,105,
-1,603211.SH,-1,101|102,105,
-1,600169.SH,-1,101|102,105,
-1,600397.SH,-1,101|102,105,
-1,601919.SH,-1,101|102,105,
-1,603128.SH,-1,101|102,105,
-1,605388.SH,-1,101|102,105,
-1,603012.SH,-1,101|102,105,
-1,603920.SH,-1,101|102,105,
-1,688048.SH,-1,101|102,105,
-1,600810.SH,-1,101|102,105,
-1,600512.SH,-1,101|102,105,
-1,600195.SH,-1,101|102,105,
-1,603609.SH,-1,101|102,105,
-1,603867.SH,-1,101|102,105,
-1,688787.SH,-1,101|102,105,
-1,600153.SH,-1,101|102,105,
-1,600766.SH,-1,101|102,105,
-1,600227.SH,-1,101|102,105,
-1,600381.SH,-1,101|102,105,
-1,601377.SH,-1,101|102,105,
-1,601689.SH,-1,101|102,105,
-1,688658.SH,-1,101|102,105,
-1,688047.SH,-1,101|102,105,
-1,600128.SH,-1,101|102,105,
-1,600057.SH,-1,101|102,105,
-1,601328.SH,-1,101|102,105,
-1,600610.SH,-1,101|102,105,
-1,601016.SH,-1,101|102,105,
-1,688538.SH,-1,101|102,105,
-1,688163.SH,-1,101|102,105,
-1,600309.SH,-1,101|102,105,
-1,600895.SH,-1,101|102,105,
-1,600460.SH,-1,101|102,105,
-1,600346.SH,-1,101|102,105,
-1,605333.SH,-1,101|102,105,
-1,603982.SH,-1,101|102,105,
-1,603313.SH,-1,101|102,105,
-1,603877.SH,-1,101|102,105,
-1,603607.SH,-1,101|102,105,
-1,688318.SH,-1,101|102,105,
-1,603061.SH,-1,101|102,105,
