委托日期,账户名称,资金账号,证券代码,交易市场,交易方向,母单编号,篮子编号,委托编号,柜台编号,算法类型,算法实例,子单状态,委托时间,委托数量,委托价格,成交数量,成交均价,完成金额,剩余数量,交易费用,其他费用
20230601	,jltest2	,202305181001	,600696.SH	,上交所,卖出,6880527336890011500	,2023601922534842117	,6600527354520000200	,KF_6600527354520000200	,T0,kf_t0,已成,09:50:52,4100,25.990,4100,26.010,106641.00,0,0.00,115.03
20230601	,jltest2	,202305181001	,600696.SH	,上交所,买入,6880527336890011500	,2023601922534842117	,6600527355150000000	,KF_6600527355150000000	,T0,kf_t0,已成,09:51:55,300,25.740,300,25.740,7722.00,0,0.00,0.61
20230601	,jltest2	,202305181001	,600696.SH	,上交所,买入,6880527336890011500	,2023601922534842117	,6600527355210000000	,KF_6600527355210000000	,T0,kf_t0,已成,09:52:01,300,25.750,300,25.730,7719.00,0,0.00,0.61
20230601	,jltest2	,202305181001	,600696.SH	,上交所,买入,6880527336890011500	,2023601922534842117	,6600527355240000000	,KF_6600527355240000000	,T0,kf_t0,已撤,09:52:04,200,25.750,0,0.000,0.00,0,0.00,0.00
20230601	,jltest2	,202305181001	,600696.SH	,上交所,买入,6880527336890011500	,2023601922534842117	,6600527355270000000	,KF_6600527355270000000	,T0,kf_t0,已撤,09:52:07,3100,25.800,0,0.000,0.00,0,0.00,0.00
20230601	,jltest2	,202305181001	,600696.SH	,上交所,买入,6880527336890011500	,2023601922534842117	,6600527355420000000	,KF_6600527355420000000	,T0,kf_t0,已撤,09:52:22,100,25.820,0,0.000,0.00,0,0.00,0.00
20230601	,jltest2	,202305181001	,600696.SH	,上交所,买入,6880527336890011500	,2023601922534842117	,6600527355630000000	,KF_6600527355630000000	,T0,kf_t0,已成,09:52:43,600,25.820,600,25.820,15492.00,0,0.00,1.22
20230601	,jltest2	,202305181001	,600696.SH	,上交所,买入,6880527336890011500	,2023601922534842117	,6600527355690000000	,KF_6600527355690000000	,T0,kf_t0,已撤,09:52:49,600,25.820,0,0.000,0.00,0,0.00,0.00
20230601	,jltest2	,202305181001	,600696.SH	,上交所,买入,6880527336890011500	,2023601922534842117	,6600527355870000000	,KF_6600527355870000000	,T0,kf_t0,已撤,09:53:07,2900,25.830,0,0.000,0.00,0,0.00,0.00
20230601	,jltest2	,202305181001	,600696.SH	,上交所,买入,6880527336890011500	,2023601922534842117	,6600527355990000000	,KF_6600527355990000000	,T0,kf_t0,已撤,09:53:19,300,25.910,0,0.000,0.00,0,0.00,0.00
20230601	,jltest2	,202305181001	,600696.SH	,上交所,买入,6880527336890011500	,2023601922534842117	,6600527356020000000	,KF_6600527356020000000	,T0,kf_t0,已撤,09:53:22,200,25.940,0,0.000,0.00,0,0.00,0.00
20230601	,jltest2	,202305181001	,600696.SH	,上交所,买入,6880527336890011500	,2023601922534842117	,6600527356380000000	,KF_6600527356380000000	,T0,kf_t0,已成,09:53:58,900,25.960,900,25.960,23364.00,0,0.00,1.84
20230601	,jltest2	,202305181001	,600696.SH	,上交所,买入,6880527336890011500	,2023601922534842117	,6600527356680000000	,KF_6600527356680000000	,T0,kf_t0,已撤,09:54:28,2000,25.930,0,0.000,0.00,0,0.00,0.00
20230601	,jltest2	,202305181001	,600696.SH	,上交所,买入,6880527336890011500	,2023601922534842117	,6600527357160000000	,KF_6600527357160000000	,T0,kf_t0,已成,09:55:16,600,25.920,600,25.910,15546.00,0,0.00,1.22
20230601	,jltest2	,202305181001	,600696.SH	,上交所,买入,6880527336890011500	,2023601922534842117	,6600527357190000000	,KF_6600527357190000000	,T0,kf_t0,已成,09:55:19,100,25.900,100,25.840,2584.00,0,0.00,0.20
20230601	,jltest2	,202305181001	,600696.SH	,上交所,买入,6880527336890011500	,2023601922534842117	,6600527357220000000	,KF_6600527357220000000	,T0,kf_t0,已成,09:55:22,100,25.880,100,25.870,2587.00,0,0.00,0.20
20230601	,jltest2	,202305181001	,600696.SH	,上交所,买入,6880527336890011500	,2023601922534842117	,6600527357250000000	,KF_6600527357250000000	,T0,kf_t0,已成,09:55:25,100,25.870,100,25.870,2587.00,0,0.00,0.20
20230601	,jltest2	,202305181001	,600696.SH	,上交所,买入,6880527336890011500	,2023601922534842117	,6600527357310000000	,KF_6600527357310000000	,T0,kf_t0,已撤,09:55:31,100,25.850,0,0.000,0.00,0,0.00,0.00
20230601	,jltest2	,202305181001	,600696.SH	,上交所,买入,6880527336890011500	,2023601922534842117	,6600527357340000100	,KF_6600527357340000100	,T0,kf_t0,已撤,09:55:34,300,25.870,0,0.000,0.00,0,0.00,0.00
20230601	,jltest2	,202305181001	,600696.SH	,上交所,买入,6880527336890011500	,2023601922534842117	,6600527357550000000	,KF_6600527357550000000	,T0,kf_t0,已成,09:55:55,600,25.850,600,25.850,15510.00,0,0.00,1.22
20230601	,jltest2	,202305181001	,600696.SH	,上交所,买入,6880527336890011500	,2023601922534842117	,6600527357640000000	,KF_6600527357640000000	,T0,kf_t0,已成,09:56:04,500,25.850,500,25.840,12920.00,0,0.00,1.02
20230601	,jltest2	,202305181001	,600696.SH	,上交所,卖出,6880527336890011500	,2023601922534842117	,6600527359590000000	,KF_6600527359590000000	,T0,kf_t0,已成,09:59:19,7300,26.110,7300,26.110,190603.00,0,0.00,205.60
20230601	,jltest2	,202305181001	,600696.SH	,上交所,买入,6880527336890011500	,2023601922534842117	,6600527360310000000	,KF_6600527360310000000	,T0,kf_t0,已撤,10:00:31,400,26.150,0,0.000,0.00,0,0.00,0.00
20230601	,jltest2	,202305181001	,600696.SH	,上交所,买入,6880527336890011500	,2023601922534842117	,6600527360580000000	,KF_6600527360580000000	,T0,kf_t0,已撤,10:00:58,400,26.110,0,0.000,0.00,0,0.00,0.00
20230601	,jltest2	,202305181001	,600696.SH	,上交所,买入,6880527336890011500	,2023601922534842117	,6600527360700000000	,KF_6600527360700000000	,T0,kf_t0,已撤,10:01:10,1000,26.120,0,0.000,0.00,0,0.00,0.00
20230601	,jltest2	,202305181001	,600696.SH	,上交所,买入,6880527336890011500	,2023601922534842117	,6600527360820000100	,KF_6600527360820000100	,T0,kf_t0,已成,10:01:22,1100,26.100,1100,26.090,28699.00,0,0.00,2.26
20230601	,jltest2	,202305181001	,600696.SH	,上交所,买入,6880527336890011500	,2023601922534842117	,6600527362140000000	,KF_6600527362140000000	,T0,kf_t0,已撤,10:03:34,400,26.040,0,0.000,0.00,0,0.00,0.00
20230601	,jltest2	,202305181001	,688148.SH	,上交所,买入,6880527336890016300	,2023601922534946139	,6600527362350000000	,KF_6600527362350000000	,T0,kf_t0,已成,10:03:55,23400,11.800,23400,11.800,276120.00,0,0.00,21.73
20230601	,jltest2	,202305181001	,600696.SH	,上交所,买入,6880527336890011500	,2023601922534842117	,6600527362650000000	,KF_6600527362650000000	,T0,kf_t0,已撤,10:04:25,400,26.070,0,0.000,0.00,0,0.00,0.00
20230601	,jltest2	,202305181001	,600696.SH	,上交所,买入,6880527336890011500	,2023601922534842117	,6600527362770000000	,KF_6600527362770000000	,T0,kf_t0,已撤,10:04:37,200,26.130,0,0.000,0.00,0,0.00,0.00
20230601	,jltest2	,202305181001	,600696.SH	,上交所,买入,6880527336890011500	,2023601922534842117	,6600527362980000000	,KF_6600527362980000000	,T0,kf_t0,已成,10:04:58,200,26.120,200,26.120,5224.00,0,0.00,0.41
20230601	,jltest2	,202305181001	,600696.SH	,上交所,买入,6880527336890011500	,2023601922534842117	,6600527363010000100	,KF_6600527363010000100	,T0,kf_t0,已撤,10:05:01,200,26.120,0,0.000,0.00,0,0.00,0.00
20230601	,jltest2	,202305181001	,688148.SH	,上交所,卖出,6880527336890016300	,2023601922534946139	,6600527363490000100	,KF_6600527363490000100	,T0,kf_t0,已成,10:05:49,5747,11.810,5747,11.810,67872.07,0,0.00,73.21
20230601	,jltest2	,202305181001	,688148.SH	,上交所,卖出,6880527336890016300	,2023601922534946139	,6600527363520000000	,KF_6600527363520000000	,T0,kf_t0,已成,10:05:52,5647,11.810,5647,11.810,66691.07,0,0.00,71.94
20230601	,jltest2	,202305181001	,688148.SH	,上交所,卖出,6880527336890016300	,2023601922534946139	,6600527363550000100	,KF_6600527363550000100	,T0,kf_t0,已成,10:05:55,5647,11.810,5647,11.810,66691.07,0,0.00,71.94
20230601	,jltest2	,202305181001	,688148.SH	,上交所,卖出,6880527336890016300	,2023601922534946139	,6600527363580000000	,KF_6600527363580000000	,T0,kf_t0,已成,10:05:58,5447,11.810,5447,11.810,64329.07,0,0.00,69.39
20230601	,jltest2	,202305181001	,688148.SH	,上交所,卖出,6880527336890016300	,2023601922534946139	,6600527363610000000	,KF_6600527363610000000	,T0,kf_t0,已成,10:06:01,912,11.800,912,11.800,10761.60,0,0.00,11.61
20230601	,jltest2	,202305181001	,600696.SH	,上交所,买入,6880527336890011500	,2023601922534842117	,6600527364270000000	,KF_6600527364270000000	,T0,kf_t0,已撤,10:07:07,600,26.130,0,0.000,0.00,0,0.00,0.00
20230601	,jltest2	,202305181001	,600184.SH	,上交所,卖出,6880527336890009700	,2023601922534778107	,6600527364420000100	,KF_6600527364420000100	,T0,kf_t0,已成,10:07:22,1700,12.500,1700,12.500,21250.00,0,0.00,22.92
20230601	,jltest2	,202305181001	,600696.SH	,上交所,买入,6880527336890011500	,2023601922534842117	,6600527364420000200	,KF_6600527364420000200	,T0,kf_t0,已撤,10:07:22,1200,26.210,0,0.000,0.00,0,0.00,0.00
20230601	,jltest2	,202305181001	,600696.SH	,上交所,买入,6880527336890011500	,2023601922534842117	,6600527364480000100	,KF_6600527364480000100	,T0,kf_t0,已撤,10:07:28,3600,26.250,0,0.000,0.00,0,0.00,0.00
20230601	,jltest2	,202305181001	,600696.SH	,上交所,买入,6880527336890011500	,2023601922534842117	,6600527364810000000	,KF_6600527364810000000	,T0,kf_t0,已撤,10:08:01,4000,26.290,0,0.000,0.00,0,0.00,0.00
20230601	,jltest2	,202305181001	,600990.SH	,上交所,买入,6880527336890012700	,2023601922534873122	,6600527365350000200	,KF_6600527365350000200	,T0,kf_t0,已撤,10:08:55,900,31.010,0,0.000,0.00,0,0.00,0.00
20230601	,jltest2	,202305181001	,600184.SH	,上交所,买入,6880527336890009700	,2023601922534778107	,6600527365380000000	,KF_6600527365380000000	,T0,kf_t0,已成,10:08:58,1700,12.510,1700,12.510,21267.00,0,0.00,1.67
20230601	,jltest2	,202305181001	,600696.SH	,上交所,买入,6880527336890011500	,2023601922534842117	,6600527365440000000	,KF_6600527365440000000	,T0,kf_t0,已撤,10:09:04,500,26.230,0,0.000,0.00,0,0.00,0.00
20230601	,jltest2	,202305181001	,600696.SH	,上交所,买入,6880527336890011500	,2023601922534842117	,6600527365980000000	,KF_6600527365980000000	,T0,kf_t0,已撤,10:09:58,500,26.220,0,0.000,0.00,0,0.00,0.00
20230601	,jltest2	,202305181001	,600696.SH	,上交所,买入,6880527336890011500	,2023601922534842117	,6600527366040000000	,KF_6600527366040000000	,T0,kf_t0,已成,10:10:04,100,26.240,100,26.240,2624.00,0,0.00,0.21
20230601	,jltest2	,202305181001	,600696.SH	,上交所,买入,6880527336890011500	,2023601922534842117	,6600527366310000000	,KF_6600527366310000000	,T0,kf_t0,已撤,10:10:31,2800,26.270,0,0.000,0.00,0,0.00,0.00
20230601	,jltest2	,202305181001	,600696.SH	,上交所,买入,6880527336890011500	,2023601922534842117	,6600527366400000000	,KF_6600527366400000000	,T0,kf_t0,已成,10:10:40,300,26.310,300,26.310,7893.00,0,0.00,0.62
20230601	,jltest2	,202305181001	,600696.SH	,上交所,买入,6880527336890011500	,2023601922534842117	,6600527366430000100	,KF_6600527366430000100	,T0,kf_t0,已成,10:10:43,4800,26.310,4800,26.310,126288.00,0,0.00,9.94
20230601	,jltest2	,202305181001	,600696.SH	,上交所,买入,6880527336890011500	,2023601922534842117	,6600527366460000200	,KF_6600527366460000200	,T0,kf_t0,已撤,10:10:46,500,26.320,0,0.000,0.00,0,0.00,0.00
20230601	,jltest2	,202305181001	,600696.SH	,上交所,买入,6880527336890011500	,2023601922534842117	,6600527366490000000	,KF_6600527366490000000	,T0,kf_t0,已撤,10:10:49,1100,26.350,0,0.000,0.00,0,0.00,0.00
20230601	,jltest2	,202305181001	,600696.SH	,上交所,买入,6880527336890011500	,2023601922534842117	,6600527366730000000	,KF_6600527366730000000	,T0,kf_t0,已成,10:11:13,500,26.330,500,26.330,13165.00,0,0.00,1.04
20230601	,jltest2	,202305181001	,600696.SH	,上交所,买入,6880527336890011500	,2023601922534842117	,6600527366880000000	,KF_6600527366880000000	,T0,kf_t0,已撤,10:11:28,300,26.350,0,0.000,0.00,0,0.00,0.00
20230601	,jltest2	,202305181001	,600696.SH	,上交所,买入,6880527336890011500	,2023601922534842117	,6600527367030000000	,KF_6600527367030000000	,T0,kf_t0,已成,10:11:43,5400,26.400,5400,26.400,142560.00,0,0.00,11.22
20230601	,jltest2	,202305181001	,600696.SH	,上交所,买入,6880527336890011500	,2023601922534842117	,6600527367060000000	,KF_6600527367060000000	,T0,kf_t0,已成,10:11:46,2200,26.400,2200,26.400,58080.00,0,0.00,4.57
20230601	,jltest2	,202305181001	,600696.SH	,上交所,买入,6880527336890011500	,2023601922534842117	,6600527367390000000	,KF_6600527367390000000	,T0,kf_t0,已撤,10:12:19,3700,26.580,0,0.000,0.00,0,0.00,0.00
20230601	,jltest2	,202305181001	,600696.SH	,上交所,卖出,6880527336890011500	,2023601922534842117	,6600527368050000000	,KF_6600527368050000000	,T0,kf_t0,已成,10:13:25,300,26.840,300,26.840,8052.00,0,0.00,8.69
20230601	,jltest2	,202305181001	,600696.SH	,上交所,卖出,6880527336890011500	,2023601922534842117	,6600527368170000000	,KF_6600527368170000000	,T0,kf_t0,已成,10:13:37,800,26.770,800,26.770,21416.00,0,0.00,23.10
20230601	,jltest2	,202305181001	,600696.SH	,上交所,卖出,6880527336890011500	,2023601922534842117	,6600527368410000000	,KF_6600527368410000000	,T0,kf_t0,已撤,10:14:01,200,26.770,0,0.000,0.00,0,0.00,0.00
20230601	,jltest2	,202305181001	,600696.SH	,上交所,卖出,6880527336890011500	,2023601922534842117	,6600527368470000000	,KF_6600527368470000000	,T0,kf_t0,已成,10:14:07,700,26.720,700,26.720,18704.00,0,0.00,20.18
20230601	,jltest2	,202305181001	,600696.SH	,上交所,卖出,6880527336890011500	,2023601922534842117	,6600527368500000000	,KF_6600527368500000000	,T0,kf_t0,已成,10:14:10,700,26.720,700,26.720,18704.00,0,0.00,20.18
20230601	,jltest2	,202305181001	,600696.SH	,上交所,卖出,6880527336890011500	,2023601922534842117	,6600527368530000000	,KF_6600527368530000000	,T0,kf_t0,已撤,10:14:13,800,26.710,0,0.000,0.00,0,0.00,0.00
20230601	,jltest2	,202305181001	,600696.SH	,上交所,卖出,6880527336890011500	,2023601922534842117	,6600527368560000000	,KF_6600527368560000000	,T0,kf_t0,已成,10:14:16,4000,26.690,4000,26.700,106800.00,0,0.00,115.21
20230601	,jltest2	,202305181001	,600696.SH	,上交所,卖出,6880527336890011500	,2023601922534842117	,6600527368650000000	,KF_6600527368650000000	,T0,kf_t0,已撤,10:14:25,300,26.640,0,0.000,0.00,0,0.00,0.00
20230601	,jltest2	,202305181001	,600696.SH	,上交所,卖出,6880527336890011500	,2023601922534842117	,6600527368770000000	,KF_6600527368770000000	,T0,kf_t0,已成,10:14:37,300,26.580,300,26.580,7974.00,0,0.00,8.60
20230601	,jltest2	,202305181001	,600696.SH	,上交所,卖出,6880527336890011500	,2023601922534842117	,6600527368830000000	,KF_6600527368830000000	,T0,kf_t0,已成,10:14:43,500,26.600,500,26.600,13300.00,0,0.00,14.35
20230601	,jltest2	,202305181001	,600184.SH	,上交所,买入,6880527336890009700	,2023601922534778107	,6600527368920000000	,KF_6600527368920000000	,T0,kf_t0,已成,10:14:52,6300,12.590,6300,12.590,79317.00,0,0.00,6.24
20230601	,jltest2	,202305181001	,600184.SH	,上交所,买入,6880527336890009700	,2023601922534778107	,6600527368980000000	,KF_6600527368980000000	,T0,kf_t0,已成,10:14:58,5300,12.590,5300,12.590,66727.00,0,0.00,5.25
20230601	,jltest2	,202305181001	,600696.SH	,上交所,卖出,6880527336890011500	,2023601922534842117	,6600527369040000000	,KF_6600527369040000000	,T0,kf_t0,已成,10:15:04,2900,26.680,2900,26.710,77459.00,0,0.00,83.55
20230601	,jltest2	,202305181001	,600696.SH	,上交所,卖出,6880527336890011500	,2023601922534842117	,6600527369070000000	,KF_6600527369070000000	,T0,kf_t0,已撤,10:15:07,300,26.690,0,0.000,0.00,0,0.00,0.00
20230601	,jltest2	,202305181001	,600696.SH	,上交所,卖出,6880527336890011500	,2023601922534842117	,6600527369100000000	,KF_6600527369100000000	,T0,kf_t0,已成,10:15:10,500,26.680,500,26.680,13340.00,0,0.00,14.39
20230601	,jltest2	,202305181001	,600696.SH	,上交所,卖出,6880527336890011500	,2023601922534842117	,6600527369130000000	,KF_6600527369130000000	,T0,kf_t0,已撤,10:15:13,300,26.670,0,0.000,0.00,0,0.00,0.00
20230601	,jltest2	,202305181001	,600696.SH	,上交所,卖出,6880527336890011500	,2023601922534842117	,6600527369160000000	,KF_6600527369160000000	,T0,kf_t0,已成,10:15:16,1300,26.660,1300,26.660,34658.00,0,0.00,37.39
20230601	,jltest2	,202305181001	,600696.SH	,上交所,卖出,6880527336890011500	,2023601922534842117	,6600527369250000100	,KF_6600527369250000100	,T0,kf_t0,已撤,10:15:25,600,26.600,0,0.000,0.00,0,0.00,0.00
20230601	,jltest2	,202305181001	,600696.SH	,上交所,卖出,6880527336890011500	,2023601922534842117	,6600527369700000000	,KF_6600527369700000000	,T0,kf_t0,已成,10:16:10,200,26.630,200,26.630,5326.00,0,0.00,5.75
20230601	,jltest2	,202305181001	,600696.SH	,上交所,卖出,6880527336890011500	,2023601922534842117	,6600527369730000000	,KF_6600527369730000000	,T0,kf_t0,已成,10:16:13,200,26.630,200,26.630,5326.00,0,0.00,5.75
20230601	,jltest2	,202305181001	,600696.SH	,上交所,卖出,6880527336890011500	,2023601922534842117	,6600527369760000000	,KF_6600527369760000000	,T0,kf_t0,已成,10:16:16,200,26.620,200,26.650,5330.00,0,0.00,5.75
20230601	,jltest2	,202305181001	,600184.SH	,上交所,卖出,6880527336890009700	,2023601922534778107	,6600527370240000000	,KF_6600527370240000000	,T0,kf_t0,已撤,10:17:04,2000,12.640,0,0.000,0.00,0,0.00,0.00
20230601	,jltest2	,202305181001	,600184.SH	,上交所,卖出,6880527336890009700	,2023601922534778107	,6600527370270000000	,KF_6600527370270000000	,T0,kf_t0,已撤,10:17:07,2100,12.630,0,0.000,0.00,0,0.00,0.00
20230601	,jltest2	,202305181001	,600184.SH	,上交所,卖出,6880527336890009700	,2023601922534778107	,6600527370390000000	,KF_6600527370390000000	,T0,kf_t0,已成,10:17:19,10300,12.610,10300,12.610,129883.00,0,0.00,140.10
20230601	,jltest2	,202305181001	,600184.SH	,上交所,卖出,6880527336890009700	,2023601922534778107	,6600527371530000000	,KF_6600527371530000000	,T0,kf_t0,已成,10:19:13,1300,12.590,1300,12.590,16367.00,0,0.00,17.65
20230601	,jltest2	,202305181001	,600696.SH	,上交所,买入,6880527336890011500	,2023601922534842117	,6600527371530000100	,KF_6600527371530000100	,T0,kf_t0,已成,10:19:13,2100,26.420,2100,26.420,55482.00,0,0.00,4.37
20230601	,jltest2	,202305181001	,600696.SH	,上交所,买入,6880527336890011500	,2023601922534842117	,6600527371620000100	,KF_6600527371620000100	,T0,kf_t0,已成,10:19:22,1300,26.420,1300,26.400,34320.00,0,0.00,2.70
20230601	,jltest2	,202305181001	,600696.SH	,上交所,买入,6880527336890011500	,2023601922534842117	,6600527371800000000	,KF_6600527371800000000	,T0,kf_t0,已成,10:19:40,100,26.420,100,26.420,2642.00,0,0.00,0.21
20230601	,jltest2	,202305181001	,600696.SH	,上交所,买入,6880527336890011500	,2023601922534842117	,6600527371860000000	,KF_6600527371860000000	,T0,kf_t0,已撤,10:19:46,900,26.410,0,0.000,0.00,0,0.00,0.00
20230601	,jltest2	,202305181001	,600696.SH	,上交所,买入,6880527336890011500	,2023601922534842117	,6600527372010000000	,KF_6600527372010000000	,T0,kf_t0,已撤,10:20:01,700,26.410,0,0.000,0.00,0,0.00,0.00
20230601	,jltest2	,202305181001	,600696.SH	,上交所,买入,6880527336890011500	,2023601922534842117	,6600527372490000000	,KF_6600527372490000000	,T0,kf_t0,已成,10:20:49,1000,26.370,1000,26.370,26370.00,0,0.00,2.08
20230601	,jltest2	,202305181001	,600696.SH	,上交所,买入,6880527336890011500	,2023601922534842117	,6600527372580000200	,KF_6600527372580000200	,T0,kf_t0,已成,10:20:58,400,26.340,400,26.340,10536.00,0,0.00,0.83
20230601	,jltest2	,202305181001	,600696.SH	,上交所,买入,6880527336890011500	,2023601922534842117	,6600527372640000000	,KF_6600527372640000000	,T0,kf_t0,已撤,10:21:04,200,26.340,0,0.000,0.00,0,0.00,0.00
20230601	,jltest2	,202305181001	,600696.SH	,上交所,买入,6880527336890011500	,2023601922534842117	,6600527372760000200	,KF_6600527372760000200	,T0,kf_t0,已成,10:21:16,400,26.370,400,26.350,10540.00,0,0.00,0.83
20230601	,jltest2	,202305181001	,600990.SH	,上交所,买入,6880527336890012700	,2023601922534873122	,6600527376120000000	,KF_6600527376120000000	,T0,kf_t0,已成,10:26:52,5200,31.140,5200,31.140,161928.00,0,0.00,12.74
20230601	,jltest2	,202305181001	,600990.SH	,上交所,买入,6880527336890012700	,2023601922534873122	,6600527376540000000	,KF_6600527376540000000	,T0,kf_t0,已成,10:27:34,27200,31.150,27200,31.150,847280.00,0,0.00,66.68
20230601	,jltest2	,202305181001	,600184.SH	,上交所,买入,6880527336890009700	,2023601922534778107	,6600527377560000000	,KF_6600527377560000000	,T0,kf_t0,已撤,10:29:16,15200,12.660,0,0.000,0.00,0,0.00,0.00
20230601	,jltest2	,202305181001	,600990.SH	,上交所,卖出,6880527336890012700	,2023601922534873122	,6600527378310000000	,KF_6600527378310000000	,T0,kf_t0,已成,10:30:31,6600,31.240,6600,31.240,206184.00,0,0.00,222.41
20230601	,jltest2	,202305181001	,600990.SH	,上交所,卖出,6880527336890012700	,2023601922534873122	,6600527378340000000	,KF_6600527378340000000	,T0,kf_t0,已成,10:30:34,5800,31.240,5800,31.250,181250.00,0,0.00,195.51
20230601	,jltest2	,202305181001	,600990.SH	,上交所,卖出,6880527336890012700	,2023601922534873122	,6600527378370000000	,KF_6600527378370000000	,T0,kf_t0,已成,10:30:37,700,31.270,700,31.270,21889.00,0,0.00,23.61
20230601	,jltest2	,202305181001	,600990.SH	,上交所,卖出,6880527336890012700	,2023601922534873122	,6600527378460000000	,KF_6600527378460000000	,T0,kf_t0,已成,10:30:46,200,31.260,200,31.260,6252.00,0,0.00,6.74
20230601	,jltest2	,202305181001	,600990.SH	,上交所,卖出,6880527336890012700	,2023601922534873122	,6600527378520000000	,KF_6600527378520000000	,T0,kf_t0,已成,10:30:52,400,31.260,400,31.260,12504.00,0,0.00,13.49
20230601	,jltest2	,202305181001	,600990.SH	,上交所,卖出,6880527336890012700	,2023601922534873122	,6600527378580000000	,KF_6600527378580000000	,T0,kf_t0,已成,10:30:58,400,31.260,400,31.260,12504.00,0,0.00,13.49
20230601	,jltest2	,202305181001	,600990.SH	,上交所,卖出,6880527336890012700	,2023601922534873122	,6600527378610000000	,KF_6600527378610000000	,T0,kf_t0,已成,10:31:01,400,31.260,400,31.260,12504.00,0,0.00,13.49
20230601	,jltest2	,202305181001	,600990.SH	,上交所,卖出,6880527336890012700	,2023601922534873122	,6600527378640000000	,KF_6600527378640000000	,T0,kf_t0,已成,10:31:04,800,31.250,800,31.260,25008.00,0,0.00,26.98
20230601	,jltest2	,202305181001	,600990.SH	,上交所,卖出,6880527336890012700	,2023601922534873122	,6600527378670000000	,KF_6600527378670000000	,T0,kf_t0,已成,10:31:07,800,31.250,800,31.270,25016.00,0,0.00,26.98
20230601	,jltest2	,202305181001	,600990.SH	,上交所,卖出,6880527336890012700	,2023601922534873122	,6600527378700000000	,KF_6600527378700000000	,T0,kf_t0,已成,10:31:10,400,31.260,400,31.260,12504.00,0,0.00,13.49
20230601	,jltest2	,202305181001	,600990.SH	,上交所,卖出,6880527336890012700	,2023601922534873122	,6600527378730000000	,KF_6600527378730000000	,T0,kf_t0,已成,10:31:13,600,31.260,600,31.260,18756.00,0,0.00,20.23
20230601	,jltest2	,202305181001	,600990.SH	,上交所,卖出,6880527336890012700	,2023601922534873122	,6600527378760000000	,KF_6600527378760000000	,T0,kf_t0,已成,10:31:16,600,31.260,600,31.260,18756.00,0,0.00,20.23
20230601	,jltest2	,202305181001	,600990.SH	,上交所,买入,6880527336890012700	,2023601922534873122	,6600527379090000000	,KF_6600527379090000000	,T0,kf_t0,已撤,10:31:49,12600,31.300,0,0.000,0.00,0,0.00,0.00
20230601	,jltest2	,202305181001	,600990.SH	,上交所,卖出,6880527336890012700	,2023601922534873122	,6600527380260000000	,KF_6600527380260000000	,T0,kf_t0,已成,10:33:46,3000,31.370,3000,31.390,94170.00,0,0.00,101.58
20230601	,jltest2	,202305181001	,600990.SH	,上交所,卖出,6880527336890012700	,2023601922534873122	,6600527380290000000	,KF_6600527380290000000	,T0,kf_t0,已成,10:33:49,500,31.380,500,31.380,15690.00,0,0.00,16.92
20230601	,jltest2	,202305181001	,600990.SH	,上交所,卖出,6880527336890012700	,2023601922534873122	,6600527380350000000	,KF_6600527380350000000	,T0,kf_t0,已成,10:33:55,500,31.380,500,31.390,15695.00,0,0.00,16.93
20230601	,jltest2	,202305181001	,600990.SH	,上交所,卖出,6880527336890012700	,2023601922534873122	,6600527380410000000	,KF_6600527380410000000	,T0,kf_t0,已成,10:34:01,3900,31.370,3900,31.370,122343.00,0,0.00,131.97
20230601	,jltest2	,202305181001	,600990.SH	,上交所,卖出,6880527336890012700	,2023601922534873122	,6600527380440000000	,KF_6600527380440000000	,T0,kf_t0,已成,10:34:04,3900,31.370,3900,31.370,122343.00,0,0.00,131.97
20230601	,jltest2	,202305181001	,600990.SH	,上交所,卖出,6880527336890012700	,2023601922534873122	,6600527380470000000	,KF_6600527380470000000	,T0,kf_t0,已成,10:34:07,2900,31.370,2900,31.370,90973.00,0,0.00,98.13
20230601	,jltest2	,202305181001	,600990.SH	,上交所,卖出,6880527336890012700	,2023601922534873122	,6600527381610000000	,KF_6600527381610000000	,T0,kf_t0,已撤,10:36:01,1900,31.400,0,0.000,0.00,0,0.00,0.00
20230601	,jltest2	,202305181001	,600184.SH	,上交所,卖出,6880527336890009700	,2023601922534778107	,6600527382690000000	,KF_6600527382690000000	,T0,kf_t0,已成,10:37:49,15200,12.750,15200,12.750,193800.00,0,0.00,209.05
20230601	,jltest2	,202305181001	,600184.SH	,上交所,买入,6880527336890009700	,2023601922534778107	,6600527383620000000	,KF_6600527383620000000	,T0,kf_t0,已撤,10:39:22,500,12.710,0,0.000,0.00,0,0.00,0.00
20230601	,jltest2	,202305181001	,600990.SH	,上交所,买入,6880527336890012700	,2023601922534873122	,6600527383680000000	,KF_6600527383680000000	,T0,kf_t0,已成,10:39:28,700,31.350,700,31.350,21945.00,0,0.00,1.73
20230601	,jltest2	,202305181001	,600184.SH	,上交所,买入,6880527336890009700	,2023601922534778107	,6600527384010000000	,KF_6600527384010000000	,T0,kf_t0,已成,10:40:01,5200,12.720,5200,12.720,66144.00,0,0.00,5.21
20230601	,jltest2	,202305181001	,600184.SH	,上交所,买入,6880527336890009700	,2023601922534778107	,6600527384040000000	,KF_6600527384040000000	,T0,kf_t0,已撤,10:40:04,5000,12.720,0,0.000,0.00,0,0.00,0.00
20230601	,jltest2	,202305181001	,600184.SH	,上交所,买入,6880527336890009700	,2023601922534778107	,6600527384220000000	,KF_6600527384220000000	,T0,kf_t0,已成,10:40:22,10000,12.760,10000,12.760,127600.00,0,0.00,10.04
20230601	,jltest2	,202305181001	,600990.SH	,上交所,卖出,6880527336890012700	,2023601922534873122	,6600527384460000000	,KF_6600527384460000000	,T0,kf_t0,已成,10:40:46,700,31.310,700,31.320,21924.00,0,0.00,23.65
20230601	,jltest2	,202305181001	,600990.SH	,上交所,卖出,6880527336890012700	,2023601922534873122	,6600527384550000000	,KF_6600527384550000000	,T0,kf_t0,已成,10:40:55,1400,31.320,1400,31.320,43848.00,0,0.00,47.30
20230601	,jltest2	,202305181001	,600990.SH	,上交所,卖出,6880527336890012700	,2023601922534873122	,6600527384700000300	,KF_6600527384700000300	,T0,kf_t0,已成,10:41:10,1700,31.310,1700,31.310,53227.00,0,0.00,57.42
20230601	,jltest2	,202305181001	,600990.SH	,上交所,卖出,6880527336890012700	,2023601922534873122	,6600527384880000000	,KF_6600527384880000000	,T0,kf_t0,已成,10:41:28,1000,31.310,1000,31.310,31310.00,0,0.00,33.77
20230601	,jltest2	,202305181001	,600990.SH	,上交所,买入,6880527336890012700	,2023601922534873122	,6600527385660000100	,KF_6600527385660000100	,T0,kf_t0,已成,10:42:46,1600,31.310,1600,31.310,50096.00,0,0.00,3.94
20230601	,jltest2	,202305181001	,600990.SH	,上交所,买入,6880527336890012700	,2023601922534873122	,6600527385690000000	,KF_6600527385690000000	,T0,kf_t0,已成,10:42:49,1500,31.310,1500,31.310,46965.00,0,0.00,3.70
20230601	,jltest2	,202305181001	,600990.SH	,上交所,买入,6880527336890012700	,2023601922534873122	,6600527385720000000	,KF_6600527385720000000	,T0,kf_t0,已成,10:42:52,1000,31.310,1000,31.310,31310.00,0,0.00,2.46
20230601	,jltest2	,202305181001	,002645.SZ	,深交所,买入,6880527336890005500	,202360192253474288	,6600527400360000200	,KF_6600527400360000200	,T0,kf_t0,已成,11:07:16,10500,11.600,10500,11.600,121800.00,0,0.00,9.59
20230601	,jltest2	,202305181001	,603938.SH	,上交所,买入,6880527336890015500	,2023601922534945137	,6600527400900000100	,KF_6600527400900000100	,T0,kf_t0,已撤,11:08:10,1600,19.600,0,0.000,0.00,0,0.00,0.00
20230601	,jltest2	,202305181001	,688388.SH	,上交所,买入,6880527336890016100	,2023601922534947140	,6600527400990000100	,KF_6600527400990000100	,T0,kf_t0,已撤,11:08:19,2671,25.140,0,0.000,0.00,0,0.00,0.00
20230601	,jltest2	,202305181001	,002810.SZ	,深交所,买入,6880527336890007300	,202360192253474491	,6600527401020000000	,KF_6600527401020000000	,T0,kf_t0,已成,11:08:22,2600,17.640,2600,17.640,45864.00,0,0.00,3.61
20230601	,jltest2	,202305181001	,603938.SH	,上交所,买入,6880527336890015500	,2023601922534945137	,6600527401020000100	,KF_6600527401020000100	,T0,kf_t0,已成,11:08:22,1600,19.600,1600,19.600,31360.00,0,0.00,2.47
20230601	,jltest2	,202305181001	,688388.SH	,上交所,买入,6880527336890016100	,2023601922534947140	,6600527401020000200	,KF_6600527401020000200	,T0,kf_t0,已成,11:08:22,700,25.150,700,25.150,17605.00,0,0.00,1.39
20230601	,jltest2	,202305181001	,688388.SH	,上交所,买入,6880527336890016100	,2023601922534947140	,6600527401050000000	,KF_6600527401050000000	,T0,kf_t0,已成,11:08:25,2750,25.160,2750,25.160,69190.00,0,0.00,5.45
20230601	,jltest2	,202305181001	,603938.SH	,上交所,买入,6880527336890015500	,2023601922534945137	,6600527401080000000	,KF_6600527401080000000	,T0,kf_t0,已成,11:08:28,1100,19.600,1100,19.600,21560.00,0,0.00,1.70
20230601	,jltest2	,202305181001	,688388.SH	,上交所,买入,6880527336890016100	,2023601922534947140	,6600527401080000100	,KF_6600527401080000100	,T0,kf_t0,已成,11:08:28,350,25.160,350,25.150,8802.50,0,0.00,0.69
20230601	,jltest2	,202305181001	,002810.SZ	,深交所,买入,6880527336890007300	,202360192253474491	,6600527401080000300	,KF_6600527401080000300	,T0,kf_t0,已成,11:08:28,1800,17.640,1800,17.640,31752.00,0,0.00,2.50
20230601	,jltest2	,202305181001	,688388.SH	,上交所,买入,6880527336890016100	,2023601922534947140	,6600527401110000000	,KF_6600527401110000000	,T0,kf_t0,已成,11:08:31,1300,25.150,1300,25.150,32695.00,0,0.00,2.57
20230601	,jltest2	,202305181001	,688388.SH	,上交所,买入,6880527336890016100	,2023601922534947140	,6600527401170000000	,KF_6600527401170000000	,T0,kf_t0,已成,11:08:37,1010,25.150,1010,25.150,25401.50,0,0.00,2.00
20230601	,jltest2	,202305181001	,688388.SH	,上交所,卖出,6880527336890016100	,2023601922534947140	,6600527401800000000	,KF_6600527401800000000	,T0,kf_t0,已成,11:09:40,268,25.160,268,25.160,6742.88,0,0.00,7.27
20230601	,jltest2	,202305181001	,603938.SH	,上交所,卖出,6880527336890015500	,2023601922534945137	,6600527402160000000	,KF_6600527402160000000	,T0,kf_t0,已成,11:10:16,2700,19.630,2700,19.630,53001.00,0,0.00,57.17
20230601	,jltest2	,202305181001	,002645.SZ	,深交所,卖出,6880527336890005500	,202360192253474288	,6600527402280000000	,KF_6600527402280000000	,T0,kf_t0,已撤,11:10:28,800,11.620,0,0.000,0.00,0,0.00,0.00
20230601	,jltest2	,202305181001	,002645.SZ	,深交所,卖出,6880527336890005500	,202360192253474288	,6600527402340000000	,KF_6600527402340000000	,T0,kf_t0,已撤,11:10:34,400,11.620,0,0.000,0.00,0,0.00,0.00
20230601	,jltest2	,202305181001	,688388.SH	,上交所,卖出,6880527336890016100	,2023601922534947140	,6600527403510000000	,KF_6600527403510000000	,T0,kf_t0,已成,11:12:31,608,25.160,608,25.160,15297.28,0,0.00,16.50
20230601	,jltest2	,202305181001	,688388.SH	,上交所,卖出,6880527336890016100	,2023601922534947140	,6600527403570000000	,KF_6600527403570000000	,T0,kf_t0,已成,11:12:37,200,25.160,200,25.160,5032.00,0,0.00,5.43
20230601	,jltest2	,202305181001	,688388.SH	,上交所,卖出,6880527336890016100	,2023601922534947140	,6600527403600000000	,KF_6600527403600000000	,T0,kf_t0,已成,11:12:40,608,25.160,608,25.160,15297.28,0,0.00,16.50
20230601	,jltest2	,202305181001	,688388.SH	,上交所,卖出,6880527336890016100	,2023601922534947140	,6600527403630000000	,KF_6600527403630000000	,T0,kf_t0,已成,11:12:43,608,25.150,608,25.160,15297.28,0,0.00,16.50
20230601	,jltest2	,202305181001	,688388.SH	,上交所,卖出,6880527336890016100	,2023601922534947140	,6600527403660000000	,KF_6600527403660000000	,T0,kf_t0,已成,11:12:46,808,25.150,808,25.160,20329.28,0,0.00,21.93
20230601	,jltest2	,202305181001	,688388.SH	,上交所,卖出,6880527336890016100	,2023601922534947140	,6600527403690000000	,KF_6600527403690000000	,T0,kf_t0,已撤,11:12:49,651,25.160,0,0.000,0.00,0,0.00,0.00
20230601	,jltest2	,202305181001	,002810.SZ	,深交所,卖出,6880527336890007300	,202360192253474491	,6600527403720000000	,KF_6600527403720000000	,T0,kf_t0,已成,11:12:52,200,17.660,200,17.660,3532.00,0,0.00,3.81
20230601	,jltest2	,202305181001	,688388.SH	,上交所,卖出,6880527336890016100	,2023601922534947140	,6600527403720000100	,KF_6600527403720000100	,T0,kf_t0,已成,11:12:52,200,25.150,200,25.150,5030.00,0,0.00,5.43
20230601	,jltest2	,202305181001	,688388.SH	,上交所,卖出,6880527336890016100	,2023601922534947140	,6600527403750000000	,KF_6600527403750000000	,T0,kf_t0,已成,11:12:55,200,25.150,200,25.150,5030.00,0,0.00,5.43
20230601	,jltest2	,202305181001	,002810.SZ	,深交所,卖出,6880527336890007300	,202360192253474491	,6600527403750000100	,KF_6600527403750000100	,T0,kf_t0,已撤,11:12:55,500,17.660,0,0.000,0.00,0,0.00,0.00
20230601	,jltest2	,202305181001	,688388.SH	,上交所,卖出,6880527336890016100	,2023601922534947140	,6600527403810000000	,KF_6600527403810000000	,T0,kf_t0,已撤,11:13:01,690,25.140,0,0.000,0.00,0,0.00,0.00
20230601	,jltest2	,202305181001	,002810.SZ	,深交所,卖出,6880527336890007300	,202360192253474491	,6600527405400000000	,KF_6600527405400000000	,T0,kf_t0,已撤,11:15:40,600,17.640,0,0.000,0.00,0,0.00,0.00
20230601	,jltest2	,202305181001	,688388.SH	,上交所,卖出,6880527336890016100	,2023601922534947140	,6600527406900000000	,KF_6600527406900000000	,T0,kf_t0,已成,11:18:10,301,25.170,301,25.170,7576.17,0,0.00,8.17
20230601	,jltest2	,202305181001	,002810.SZ	,深交所,卖出,6880527336890007300	,202360192253474491	,6600527406960000000	,KF_6600527406960000000	,T0,kf_t0,已成,11:18:16,4200,17.680,4200,17.680,74256.00,0,0.00,80.10
20230601	,jltest2	,202305181001	,688388.SH	,上交所,卖出,6880527336890016100	,2023601922534947140	,6600527406960000100	,KF_6600527406960000100	,T0,kf_t0,已成,11:18:16,800,25.160,800,25.160,20128.00,0,0.00,21.71
20230601	,jltest2	,202305181001	,688388.SH	,上交所,卖出,6880527336890016100	,2023601922534947140	,6600527409570000000	,KF_6600527409570000000	,T0,kf_t0,已成,11:22:37,537,25.180,537,25.180,13521.66,0,0.00,14.59
20230601	,jltest2	,202305181001	,688388.SH	,上交所,卖出,6880527336890016100	,2023601922534947140	,6600527409660000000	,KF_6600527409660000000	,T0,kf_t0,已成,11:22:46,537,25.180,537,25.180,13521.66,0,0.00,14.59
20230601	,jltest2	,202305181001	,688388.SH	,上交所,卖出,6880527336890016100	,2023601922534947140	,6600527409690000000	,KF_6600527409690000000	,T0,kf_t0,已成,11:22:49,435,25.180,435,25.180,10953.30,0,0.00,11.82
20230601	,jltest2	,202305181001	,002645.SZ	,深交所,卖出,6880527336890005500	,202360192253474288	,6600527412660000000	,KF_6600527412660000000	,T0,kf_t0,已撤,11:27:46,500,11.570,0,0.000,0.00,0,0.00,0.00
20230601	,jltest2	,202305181001	,688388.SH	,上交所,买入,6880527336890016100	,2023601922534947140	,6600527471280000000	,KF_6600527471280000000	,T0,kf_t0,已撤,13:05:28,3039,25.380,0,0.000,0.00,0,0.00,0.00
20230601	,jltest2	,202305181001	,688388.SH	,上交所,买入,6880527336890016100	,2023601922534947140	,6600527471340000000	,KF_6600527471340000000	,T0,kf_t0,已撤,13:05:34,284,25.390,0,0.000,0.00,0,0.00,0.00
20230601	,jltest2	,202305181001	,688388.SH	,上交所,买入,6880527336890016100	,2023601922534947140	,6600527471490000000	,KF_6600527471490000000	,T0,kf_t0,已成,13:05:49,6090,25.490,6090,25.490,155234.10,0,0.00,12.22
20230601	,jltest2	,202305181001	,300224.SZ	,深交所,买入,6880527336890008700	,202360192253475199	,6600527471550000000	,KF_6600527471550000000	,T0,kf_t0,已成,13:05:55,16500,11.920,16500,11.920,196680.00,0,0.00,15.48
20230601	,jltest2	,202305181001	,688388.SH	,上交所,卖出,6880527336890016100	,2023601922534947140	,6600527472900000100	,KF_6600527472900000100	,T0,kf_t0,已成,13:08:10,597,25.780,597,25.800,15402.60,0,0.00,16.61
20230601	,jltest2	,202305181001	,688388.SH	,上交所,卖出,6880527336890016100	,2023601922534947140	,6600527473080000100	,KF_6600527473080000100	,T0,kf_t0,已成,13:08:28,721,25.820,721,25.830,18623.43,0,0.00,20.09
20230601	,jltest2	,202305181001	,688388.SH	,上交所,卖出,6880527336890016100	,2023601922534947140	,6600527473110000100	,KF_6600527473110000100	,T0,kf_t0,已成,13:08:31,402,25.840,402,25.840,10387.68,0,0.00,11.20
20230601	,jltest2	,202305181001	,688388.SH	,上交所,卖出,6880527336890016100	,2023601922534947140	,6600527473140000000	,KF_6600527473140000000	,T0,kf_t0,已成,13:08:34,652,25.840,652,25.840,16847.68,0,0.00,18.17
20230601	,jltest2	,202305181001	,688388.SH	,上交所,卖出,6880527336890016100	,2023601922534947140	,6600527473350000100	,KF_6600527473350000100	,T0,kf_t0,已成,13:08:55,3718,25.820,3718,25.850,96110.30,0,0.00,103.67
20230601	,jltest2	,202305181001	,300409.SZ	,深交所,卖出,6880527336890008900	,2023601922534755103	,6600527473920000000	,KF_6600527473920000000	,T0,kf_t0,已成,13:09:52,600,12.690,600,12.690,7614.00,0,0.00,8.21
20230601	,jltest2	,202305181001	,300224.SZ	,深交所,卖出,6880527336890008700	,202360192253475199	,6600527475150000000	,KF_6600527475150000000	,T0,kf_t0,已成,13:11:55,6500,11.940,6500,11.940,77610.00,0,0.00,83.72
20230601	,jltest2	,202305181001	,300224.SZ	,深交所,卖出,6880527336890008700	,202360192253475199	,6600527475180000100	,KF_6600527475180000100	,T0,kf_t0,已成,13:11:58,6500,11.940,6500,11.940,77610.00,0,0.00,83.72
20230601	,jltest2	,202305181001	,300409.SZ	,深交所,买入,6880527336890008900	,2023601922534755103	,6600527475210000100	,KF_6600527475210000100	,T0,kf_t0,已撤,13:12:01,600,12.680,0,0.000,0.00,0,0.00,0.00
20230601	,jltest2	,202305181001	,300409.SZ	,深交所,买入,6880527336890008900	,2023601922534755103	,6600527475300000000	,KF_6600527475300000000	,T0,kf_t0,已撤,13:12:10,600,12.710,0,0.000,0.00,0,0.00,0.00
20230601	,jltest2	,202305181001	,300224.SZ	,深交所,卖出,6880527336890008700	,202360192253475199	,6600527475330000100	,KF_6600527475330000100	,T0,kf_t0,已撤,13:12:13,800,11.940,0,0.000,0.00,0,0.00,0.00
20230601	,jltest2	,202305181001	,300409.SZ	,深交所,买入,6880527336890008900	,2023601922534755103	,6600527480430000000	,KF_6600527480430000000	,T0,kf_t0,已成,13:20:43,600,12.690,600,12.690,7614.00,0,0.00,0.60
20230601	,jltest2	,202305181001	,300224.SZ	,深交所,卖出,6880527336890008700	,202360192253475199	,6600527481630000000	,KF_6600527481630000000	,T0,kf_t0,已撤,13:22:43,1700,11.940,0,0.000,0.00,0,0.00,0.00
20230601	,jltest2	,202305181001	,002645.SZ	,深交所,卖出,6880527336890005500	,202360192253474288	,6600527482530000000	,KF_6600527482530000000	,T0,kf_t0,已成,13:24:13,10500,11.540,10500,11.540,121170.00,0,0.00,130.71
20230601	,jltest2	,202305181001	,300224.SZ	,深交所,卖出,6880527336890008700	,202360192253475199	,6600527488350000000	,KF_6600527488350000000	,T0,kf_t0,已成,13:33:55,3500,11.910,3500,11.910,41685.00,0,0.00,44.97
20230601	,jltest2	,202305181001	,600990.SH	,上交所,卖出,6880527336890012700	,2023601922534873122	,6600527488350000100	,KF_6600527488350000100	,T0,kf_t0,已成,13:33:55,1600,31.380,1600,31.380,50208.00,0,0.00,54.16
20230601	,jltest2	,202305181001	,600990.SH	,上交所,卖出,6880527336890012700	,2023601922534873122	,6600527488380000000	,KF_6600527488380000000	,T0,kf_t0,已撤,13:33:58,900,31.370,0,0.000,0.00,0,0.00,0.00
20230601	,jltest2	,202305181001	,002041.SZ	,深交所,卖出,6880527336890003500	,202360192253473176	,6600527488440000000	,KF_6600527488440000000	,T0,kf_t0,已成,13:34:04,1100,15.580,1100,15.580,17138.00,0,0.00,18.49
20230601	,jltest2	,202305181001	,600990.SH	,上交所,买入,6880527336890012700	,2023601922534873122	,6600527496450000000	,KF_6600527496450000000	,T0,kf_t0,已撤,13:47:25,900,31.350,0,0.000,0.00,0,0.00,0.00
20230601	,jltest2	,202305181001	,600990.SH	,上交所,买入,6880527336890012700	,2023601922534873122	,6600527497530000000	,KF_6600527497530000000	,T0,kf_t0,已成,13:49:13,1200,31.350,1200,31.350,37620.00,0,0.00,2.96
20230601	,jltest2	,202305181001	,600990.SH	,上交所,买入,6880527336890012700	,2023601922534873122	,6600527497740000000	,KF_6600527497740000000	,T0,kf_t0,已撤,13:49:34,400,31.390,0,0.000,0.00,0,0.00,0.00
20230601	,jltest2	,202305181001	,600990.SH	,上交所,买入,6880527336890012700	,2023601922534873122	,6600527500710000000	,KF_6600527500710000000	,T0,kf_t0,已撤,13:54:31,400,31.460,0,0.000,0.00,0,0.00,0.00
20230601	,jltest2	,202305181001	,600990.SH	,上交所,买入,6880527336890012700	,2023601922534873122	,6600527505660000000	,KF_6600527505660000000	,T0,kf_t0,已成,14:02:46,400,31.410,400,31.410,12564.00,0,0.00,0.99
20230601	,jltest2	,202305181001	,002041.SZ	,深交所,买入,6880527336890003500	,202360192253473176	,6600527519820000000	,KF_6600527519820000000	,T0,kf_t0,已撤,14:26:22,1100,15.570,0,0.000,0.00,0,0.00,0.00
20230601	,jltest2	,202305181001	,002041.SZ	,深交所,买入,6880527336890003500	,202360192253473176	,6600527520390000000	,KF_6600527520390000000	,T0,kf_t0,已撤,14:27:19,1100,15.590,0,0.000,0.00,0,0.00,0.00
20230601	,jltest2	,202305181001	,002041.SZ	,深交所,买入,6880527336890003500	,202360192253473176	,6600527520660000000	,KF_6600527520660000000	,T0,kf_t0,已成,14:27:46,1100,15.610,1100,15.610,17171.00,0,0.00,1.35
20230602	,jltest1	,202304181002	,688388.SH	,上交所,买入,6880528342380016500	,202360293148526085	,6600528360760000000	,KF_6600528360760000000	,T0,kf_t0,已成,10:01:16,2402,27.230,2402,27.230,65406.46,0,0.00,5.15
20230602	,jltest1	,202304181002	,688388.SH	,上交所,买入,6880528343330015900	,202360293257975885	,6600528360760000100	,KF_6600528360760000100	,T0,kf_t0,已成,10:01:16,2402,27.230,2402,27.230,65406.46,0,0.00,5.15
20230602	,jltest1	,202304181002	,688388.SH	,上交所,买入,6880528342380016500	,202360293148526085	,6600528360790000000	,KF_6600528360790000000	,T0,kf_t0,已成,10:01:19,3098,27.240,3098,27.240,84389.52,0,0.00,6.64
20230602	,jltest1	,202304181002	,688388.SH	,上交所,买入,6880528343330015900	,202360293257975885	,6600528360790000100	,KF_6600528360790000100	,T0,kf_t0,已成,10:01:19,3098,27.240,3098,27.240,84389.52,0,0.00,6.64
20230602	,jltest1	,202304181002	,688388.SH	,上交所,卖出,6880528343330015900	,202360293257975885	,6600528361390000100	,KF_6600528361390000100	,T0,kf_t0,已成,10:02:19,3718,27.280,3718,27.290,101464.22,0,0.00,109.45
20230602	,jltest1	,202304181002	,688388.SH	,上交所,卖出,6880528342380016500	,202360293148526085	,6600528361390000200	,KF_6600528361390000200	,T0,kf_t0,已成,10:02:19,3718,27.280,3718,27.290,101464.22,0,0.00,109.45
20230602	,jltest1	,202304181002	,688388.SH	,上交所,卖出,6880528342380016500	,202360293148526085	,6600528361420000000	,KF_6600528361420000000	,T0,kf_t0,已成,10:02:22,1782,27.270,1782,27.280,48612.96,0,0.00,52.44
20230602	,jltest1	,202304181002	,688388.SH	,上交所,卖出,6880528343330015900	,202360293257975885	,6600528361420000100	,KF_6600528361420000100	,T0,kf_t0,已成,10:02:22,1782,27.270,1782,27.280,48612.96,0,0.00,52.44
20230602	,jltest1	,202304181002	,688388.SH	,上交所,买入,6880528342380016500	,202360293148526085	,6600528361990000000	,KF_6600528361990000000	,T0,kf_t0,已撤,10:03:19,1782,27.300,0,0.000,0.00,0,0.00,0.00
20230602	,jltest1	,202304181002	,688388.SH	,上交所,买入,6880528343330015900	,202360293257975885	,6600528361990000100	,KF_6600528361990000100	,T0,kf_t0,已撤,10:03:19,1782,27.300,0,0.000,0.00,0,0.00,0.00
20230602	,jltest1	,202304181002	,688388.SH	,上交所,买入,6880528342380016500	,202360293148526085	,6600528362020000000	,KF_6600528362020000000	,T0,kf_t0,已成,10:03:22,2561,27.310,2561,27.310,69940.91,0,0.00,5.50
20230602	,jltest1	,202304181002	,688388.SH	,上交所,买入,6880528343330015900	,202360293257975885	,6600528362020000100	,KF_6600528362020000100	,T0,kf_t0,已成,10:03:22,2561,27.310,2561,27.310,69940.91,0,0.00,5.50
20230602	,jltest1	,202304181002	,688388.SH	,上交所,买入,6880528342380016500	,202360293148526085	,6600528362050000000	,KF_6600528362050000000	,T0,kf_t0,已成,10:03:25,2357,27.330,2357,27.330,64416.81,0,0.00,5.07
20230602	,jltest1	,202304181002	,688388.SH	,上交所,买入,6880528343330015900	,202360293257975885	,6600528362050000100	,KF_6600528362050000100	,T0,kf_t0,已成,10:03:25,2357,27.330,2357,27.330,64416.81,0,0.00,5.07
20230602	,jltest1	,202304181002	,688388.SH	,上交所,买入,6880528342380016500	,202360293148526085	,6600528362530000100	,KF_6600528362530000100	,T0,kf_t0,已撤,10:04:13,1782,27.440,0,0.000,0.00,0,0.00,0.00
20230602	,jltest1	,202304181002	,688388.SH	,上交所,买入,6880528343330015900	,202360293257975885	,6600528362530000200	,KF_6600528362530000200	,T0,kf_t0,已撤,10:04:13,1782,27.440,0,0.000,0.00,0,0.00,0.00
20230602	,jltest1	,202304181002	,688388.SH	,上交所,卖出,6880528342380016500	,202360293148526085	,6600528363130000200	,KF_6600528363130000200	,T0,kf_t0,已成,10:05:13,3312,27.520,3312,27.530,91179.36,0,0.00,98.35
20230602	,jltest1	,202304181002	,688388.SH	,上交所,卖出,6880528343330015900	,202360293257975885	,6600528363130000300	,KF_6600528363130000300	,T0,kf_t0,已成,10:05:13,3312,27.520,3312,27.530,91179.36,0,0.00,98.35
20230602	,jltest1	,202304181002	,688388.SH	,上交所,卖出,6880528343330015900	,202360293257975885	,6600528363160000000	,KF_6600528363160000000	,T0,kf_t0,已成,10:05:16,1606,27.540,1606,27.540,44229.24,0,0.00,47.71
20230602	,jltest1	,202304181002	,688388.SH	,上交所,卖出,6880528342380016500	,202360293148526085	,6600528363160000100	,KF_6600528363160000100	,T0,kf_t0,已成,10:05:16,1606,27.540,1606,27.540,44229.24,0,0.00,47.71
20230602	,jltest1	,202304181002	,688388.SH	,上交所,买入,6880528342380016500	,202360293148526085	,6600528363430000000	,KF_6600528363430000000	,T0,kf_t0,已成,10:05:43,1782,27.580,1782,27.580,49147.56,0,0.00,3.87
20230602	,jltest1	,202304181002	,688388.SH	,上交所,买入,6880528343330015900	,202360293257975885	,6600528363430000100	,KF_6600528363430000100	,T0,kf_t0,已成,10:05:43,1782,27.580,1782,27.580,49147.56,0,0.00,3.87
20230602	,jltest1	,202304181002	,688388.SH	,上交所,卖出,6880528342380016500	,202360293148526085	,6600528364060000000	,KF_6600528364060000000	,T0,kf_t0,已成,10:06:46,1782,27.680,1782,27.680,49325.76,0,0.00,53.21
20230602	,jltest1	,202304181002	,688388.SH	,上交所,卖出,6880528343330015900	,202360293257975885	,6600528364060000100	,KF_6600528364060000100	,T0,kf_t0,已成,10:06:46,1782,27.680,1782,27.680,49325.76,0,0.00,53.21
20230602	,jltest1	,202304181002	,300409.SZ	,深交所,买入,6880528342380008500	,202360293148507344	,6600528372520000000	,KF_6600528372520000000	,T0,kf_t0,已撤,10:20:52,6600,13.320,0,0.000,0.00,0,0.00,0.00
20230602	,jltest1	,202304181002	,300409.SZ	,深交所,买入,6880528343330008100	,202360293257960244	,6600528372520000100	,KF_6600528372520000100	,T0,kf_t0,已撤,10:20:52,6600,13.320,0,0.000,0.00,0,0.00,0.00
20230606	,jltest1	,202304181002	,300737.SZ	,深交所,买入,6880532334340008700	,202360691828370499	,6600532365070000000	,KF_6600532365070000000	,T0,kf_t0,已成,10:08:27,22800,10.060,22800,10.060,229368.00,0,0.00,18.05
20230606	,jltest1	,202304181002	,300737.SZ	,深交所,买入,6880532334340008700	,202360691828370499	,6600532365310000000	,KF_6600532365310000000	,T0,kf_t0,已撤,10:08:51,40400,10.080,0,0.000,0.00,0,0.00,0.00
20230606	,jltest1	,202304181002	,300737.SZ	,深交所,买入,6880532334340008700	,202360691828370499	,6600532365370000000	,KF_6600532365370000000	,T0,kf_t0,已撤,10:08:57,14800,10.090,0,0.000,0.00,0,0.00,0.00
20230606	,jltest1	,202304181002	,300737.SZ	,深交所,卖出,6880532334340008700	,202360691828370499	,6600532372540000000	,KF_6600532372540000000	,T0,kf_t0,已成,10:20:54,14700,10.170,14700,10.170,149499.00,0,0.00,161.26
20230606	,jltest1	,202304181002	,300737.SZ	,深交所,卖出,6880532334340008700	,202360691828370499	,6600532372570000000	,KF_6600532372570000000	,T0,kf_t0,已成,10:20:57,8100,10.170,8100,10.170,82377.00,0,0.00,88.86
20230606	,jltest1	,202304181002	,603612.SH	,上交所,卖出,6880532334340016100	,2023606918283879132	,6600532522750000000	,KF_6600532522750000000	,T0,kf_t0,已成,14:31:15,13700,18.460,13700,18.460,252902.00,0,0.00,272.81
20230606	,jltest1	,202304181002	,603612.SH	,上交所,买入,6880532334340016100	,2023606918283879132	,6600532530610000000	,KF_6600532530610000000	,T0,kf_t0,已成,14:44:21,4900,18.430,4900,18.430,90307.00,0,0.00,7.11
20230606	,jltest1	,202304181002	,603612.SH	,上交所,买入,6880532334340016100	,2023606918283879132	,6600532530640000000	,KF_6600532530640000000	,T0,kf_t0,已成,14:44:24,3100,18.430,3100,18.430,57133.00,0,0.00,4.50
20230606	,jltest1	,202304181002	,603612.SH	,上交所,买入,6880532334340016100	,2023606918283879132	,6600532530670000000	,KF_6600532530670000000	,T0,kf_t0,已撤,14:44:27,2800,18.430,0,0.000,0.00,0,0.00,0.00
20230606	,jltest1	,202304181002	,603612.SH	,上交所,买入,6880532334340016100	,2023606918283879132	,6600532531210000000	,KF_6600532531210000000	,T0,kf_t0,已成,14:45:21,3600,18.430,3600,18.430,66348.00,0,0.00,5.22
20230606	,jltest1	,202304181002	,603612.SH	,上交所,买入,6880532334340016100	,2023606918283879132	,6600532531300000000	,KF_6600532531300000000	,T0,kf_t0,已成,14:45:30,1600,18.430,1600,18.430,29488.00,0,0.00,2.32
20230606	,jltest1	,202304181002	,603612.SH	,上交所,买入,6880532334340016100	,2023606918283879132	,6600532531390000000	,KF_6600532531390000000	,T0,kf_t0,已成,14:45:39,500,18.430,500,18.430,9215.00,0,0.00,0.73
20230608	,jltest1	,202304181002	,002961.SZ	,深交所,买入,6880534327820006100	,202360890743349082	,6600534490980000000	,KF_6600534490980000000	,T0,kf_t0,已成,13:38:18,900,15.170,900,15.170,13653.00,0,0.00,1.07
20230608	,jltest1	,202304181002	,002961.SZ	,深交所,买入,6880534327820006100	,202360890743349082	,6600534491010000000	,KF_6600534491010000000	,T0,kf_t0,已成,13:38:21,800,15.190,800,15.190,12152.00,0,0.00,0.96
20230608	,jltest1	,202304181002	,002961.SZ	,深交所,卖出,6880534327820006100	,202360890743349082	,6600534491970000000	,KF_6600534491970000000	,T0,kf_t0,已成,13:39:57,800,15.200,800,15.220,12176.00,0,0.00,13.13
20230608	,jltest1	,202304181002	,002961.SZ	,深交所,卖出,6880534327820006100	,202360890743349082	,6600534492000000000	,KF_6600534492000000000	,T0,kf_t0,已成,13:40:00,900,15.220,900,15.220,13698.00,0,0.00,14.78
20230608	,jltest1	,202304181002	,002961.SZ	,深交所,卖出,6880534327820006100	,202360890743349082	,6600534493170000000	,KF_6600534493170000000	,T0,kf_t0,已撤,13:41:57,300,15.250,0,0.000,0.00,0,0.00,0.00
20230609	,jltest1	,202304181002	,002664.SZ	,深交所,买入,6880535331210006300	,202360991217385931	,6600535342490000200	,KF_6600535342490000200	,T0,kf_t0,已撤,09:30:49,2200,13.530,0,0.000,0.00,0,0.00,0.00
20230609	,jltest1	,202304181002	,002664.SZ	,深交所,买入,6880535331210006300	,202360991217385931	,6600535342520001600	,KF_6600535342520001600	,T0,kf_t0,已成,09:30:52,4200,13.620,4200,13.620,57204.00,0,0.00,4.50
20230609	,jltest1	,202304181002	,002664.SZ	,深交所,买入,6880535331210006300	,202360991217385931	,6600535343210000100	,KF_6600535343210000100	,T0,kf_t0,已成,09:32:01,3900,13.510,3900,13.510,52689.00,0,0.00,4.15
20230609	,jltest1	,202304181002	,002664.SZ	,深交所,买入,6880535331210006300	,202360991217385931	,6600535343270000100	,KF_6600535343270000100	,T0,kf_t0,已成,09:32:07,6600,13.520,6600,13.520,89232.00,0,0.00,7.02
20230609	,jltest1	,202304181002	,002664.SZ	,深交所,卖出,6880535331210006300	,202360991217385931	,6600535345340000100	,KF_6600535345340000100	,T0,kf_t0,已成,09:35:34,1300,13.300,1300,13.300,17290.00,0,0.00,18.65
20230609	,jltest1	,202304181002	,002664.SZ	,深交所,卖出,6880535331210006300	,202360991217385931	,6600535345550000200	,KF_6600535345550000200	,T0,kf_t0,已成,09:35:55,200,13.350,200,13.350,2670.00,0,0.00,2.88
20230609	,jltest1	,202304181002	,002664.SZ	,深交所,卖出,6880535331210006300	,202360991217385931	,6600535345700000700	,KF_6600535345700000700	,T0,kf_t0,已撤,09:36:10,400,13.340,0,0.000,0.00,0,0.00,0.00
20230609	,jltest1	,202304181002	,002664.SZ	,深交所,卖出,6880535331210006300	,202360991217385931	,6600535347500000000	,KF_6600535347500000000	,T0,kf_t0,已撤,09:39:10,400,13.290,0,0.000,0.00,0,0.00,0.00
20230609	,jltest1	,202304181002	,002664.SZ	,深交所,卖出,6880535331210006300	,202360991217385931	,6600535348850000000	,KF_6600535348850000000	,T0,kf_t0,已成,09:41:25,5100,13.210,5100,13.210,67371.00,0,0.00,72.67
20230609	,jltest1	,202304181002	,002664.SZ	,深交所,卖出,6880535331210006300	,202360991217385931	,6600535348910000100	,KF_6600535348910000100	,T0,kf_t0,已成,09:41:31,5000,13.220,5000,13.220,66100.00,0,0.00,71.30
20230609	,jltest1	,202304181002	,002664.SZ	,深交所,卖出,6880535331210006300	,202360991217385931	,6600535349300000000	,KF_6600535349300000000	,T0,kf_t0,已成,09:42:10,600,13.210,600,13.210,7926.00,0,0.00,8.55
20230609	,jltest1	,202304181002	,002664.SZ	,深交所,卖出,6880535331210006300	,202360991217385931	,6600535349450000000	,KF_6600535349450000000	,T0,kf_t0,已成,09:42:25,200,13.200,200,13.200,2640.00,0,0.00,2.85
20230609	,jltest1	,202304181002	,002664.SZ	,深交所,卖出,6880535331210006300	,202360991217385931	,6600535349480000100	,KF_6600535349480000100	,T0,kf_t0,已成,09:42:28,200,13.200,200,13.200,2640.00,0,0.00,2.85
20230609	,jltest1	,202304181002	,002664.SZ	,深交所,卖出,6880535331210006300	,202360991217385931	,6600535349750000100	,KF_6600535349750000100	,T0,kf_t0,已成,09:42:55,1300,13.200,1300,13.200,17160.00,0,0.00,18.51
20230609	,jltest1	,202304181002	,002664.SZ	,深交所,卖出,6880535331210006300	,202360991217385931	,6600535350650000000	,KF_6600535350650000000	,T0,kf_t0,已成,09:44:25,600,13.210,600,13.210,7926.00,0,0.00,8.55
20230609	,jltest1	,202304181002	,002664.SZ	,深交所,卖出,6880535331210006300	,202360991217385931	,6600535350710000000	,KF_6600535350710000000	,T0,kf_t0,已成,09:44:31,200,13.210,200,13.210,2642.00,0,0.00,2.85
20230612	,jltest1	,202304181002	,688499.SH	,上交所,买入,6880538329210016700	,2023612909180120140	,6600538402160000000	,KF_6600538402160000000	,T0,kf_t0,已成,11:10:16,1188,85.500,1188,85.500,101574.00,0,0.00,7.99
20230612	,jltest1	,202304181002	,688499.SH	,上交所,卖出,6880538329210016700	,2023612909180120140	,6600538472050000000	,KF_6600538472050000000	,T0,kf_t0,已成,13:06:46,270,85.090,270,85.090,22974.30,0,0.00,24.78
20230612	,jltest1	,202304181002	,688399.SH	,上交所,买入,6880538329210016500	,2023612909180120139	,6600538472480000000	,KF_6600538472480000000	,T0,kf_t0,已成,13:07:28,6800,58.400,6800,58.400,397120.00,0,0.00,31.25
20230612	,jltest1	,202304181002	,688399.SH	,上交所,卖出,6880538329210016500	,2023612909180120139	,6600538474630000000	,KF_6600538474630000000	,T0,kf_t0,已成,13:11:03,309,58.490,309,58.520,18082.68,0,0.00,19.51
20230612	,jltest1	,202304181002	,688399.SH	,上交所,卖出,6880538329210016500	,2023612909180120139	,6600538474810000000	,KF_6600538474810000000	,T0,kf_t0,已撤,13:11:21,309,58.510,0,0.000,0.00,0,0.00,0.00
20230612	,jltest1	,202304181002	,688399.SH	,上交所,卖出,6880538329210016500	,2023612909180120139	,6600538475020000000	,KF_6600538475020000000	,T0,kf_t0,已成,13:11:42,309,58.510,309,58.510,18079.59,0,0.00,19.50
20230612	,jltest1	,202304181002	,688399.SH	,上交所,卖出,6880538329210016500	,2023612909180120139	,6600538478620000000	,KF_6600538478620000000	,T0,kf_t0,已撤,13:17:42,233,58.630,0,0.000,0.00,0,0.00,0.00
20230612	,jltest1	,202304181002	,688499.SH	,上交所,卖出,6880538329210016700	,2023612909180120140	,6600538488070000000	,KF_6600538488070000000	,T0,kf_t0,已撤,13:33:27,332,85.840,0,0.000,0.00,0,0.00,0.00
20230612	,jltest1	,202304181002	,688499.SH	,上交所,卖出,6880538329210016700	,2023612909180120140	,6600538505080000000	,KF_6600538505080000000	,T0,kf_t0,已撤,14:01:48,337,86.250,0,0.000,0.00,0,0.00,0.00
20230612	,jltest1	,202304181002	,688499.SH	,上交所,卖出,6880538329210016700	,2023612909180120140	,6600538509520000000	,KF_6600538509520000000	,T0,kf_t0,已撤,14:09:12,216,86.140,0,0.000,0.00,0,0.00,0.00
20230612	,jltest1	,202304181002	,688499.SH	,上交所,卖出,6880538329210016700	,2023612909180120140	,6600538525780000000	,KF_6600538525780000000	,T0,kf_t0,已成,14:36:18,282,86.040,282,86.150,24294.30,0,0.00,26.21
20230612	,jltest1	,202304181002	,688499.SH	,上交所,卖出,6880538329210016700	,2023612909180120140	,6600538526590000000	,KF_6600538526590000000	,T0,kf_t0,已成,14:37:39,345,86.020,345,86.090,29701.05,0,0.00,32.04
20230612	,jltest1	,202304181002	,688499.SH	,上交所,卖出,6880538329210016700	,2023612909180120140	,6600538526740000000	,KF_6600538526740000000	,T0,kf_t0,已成,14:37:54,291,86.130,291,86.150,25069.65,0,0.00,27.04
20230612	,jltest1	,202304181002	,688399.SH	,上交所,卖出,6880538329210016500	,2023612909180120139	,6600538531960000000	,KF_6600538531960000000	,T0,kf_t0,已成,14:46:37,577,58.400,577,58.400,33696.80,0,0.00,36.35
20230612	,jltest1	,202304181002	,688399.SH	,上交所,卖出,6880538329210016500	,2023612909180120139	,6600538532020000000	,KF_6600538532020000000	,T0,kf_t0,已成,14:46:42,510,58.380,510,58.400,29784.00,0,0.00,32.13
20230612	,jltest1	,202304181002	,688399.SH	,上交所,卖出,6880538329210016500	,2023612909180120139	,6600538533190000000	,KF_6600538533190000000	,T0,kf_t0,已成,14:48:39,1880,58.200,1880,58.290,109585.20,0,0.00,118.21
20230612	,jltest1	,202304181002	,688399.SH	,上交所,卖出,6880538329210016500	,2023612909180120139	,6600538533220000000	,KF_6600538533220000000	,T0,kf_t0,已成,14:48:42,1880,58.200,1880,58.290,109585.20,0,0.00,118.21
20230612	,jltest1	,202304181002	,688399.SH	,上交所,卖出,6880538329210016500	,2023612909180120139	,6600538533280000000	,KF_6600538533280000000	,T0,kf_t0,已成,14:48:48,1335,58.200,1335,58.290,77817.14,0,0.00,83.94
